{
  "n_cases": 624,
  "n_errors": 0,
  "error_rate": 0.0,
  "mrr_id": 0.548458485958486,
  "mrr_name": 0.33494422244422245,
  "mrr_id_or_name": 0.548458485958486,
  "mrr_mondo": 0.0,
  "recall_at_1_id": 0.46794871794871795,
  "recall_at_3_id": 0.5913461538461539,
  "recall_at_5_id": 0.6410256410256411,
  "recall_at_10_id": 0.7243589743589743,
  "recall_at_1_name": 0.22115384615384615,
  "recall_at_3_name": 0.4310897435897436,
  "recall_at_5_name": 0.483974358974359,
  "recall_at_10_name": 0.5753205128205128,
  "recall_at_1_id_or_name": 0.46794871794871795,
  "recall_at_3_id_or_name": 0.5913461538461539,
  "recall_at_5_id_or_name": 0.6410256410256411,
  "recall_at_10_id_or_name": 0.7243589743589743,
  "recall_at_1_mondo": 0.0,
  "recall_at_3_mondo": 0.0,
  "recall_at_5_mondo": 0.0,
  "recall_at_10_mondo": 0.0,
  "found_rate_id": 0.7243589743589743,
  "found_rate_name": 0.5769230769230769,
  "found_rate_id_or_name": 0.7243589743589743,
  "found_rate_mondo": 0.0,
  "mean_rank_id": 2.1969026548672566,
  "mean_rank_name": 2.911111111111111,
  "mean_rank_id_or_name": 2.1969026548672566,
  "mean_rank_mondo": 0.0,
  "n_fuzzy_auto_correct": 1749,
  "n_fuzzy_review": 985,
  "n_fuzzy_rejected": 3544
}