{
  "n_cases": 624,
  "n_errors": 0,
  "error_rate": 0.0,
  "mrr_id": 0.12987515956265958,
  "mrr_name": 0.11861587486587485,
  "mrr_id_or_name": 0.12987515956265958,
  "mrr_mondo": 0.0,
  "recall_at_1_id": 0.049679487179487176,
  "recall_at_3_id": 0.20512820512820512,
  "recall_at_5_id": 0.22596153846153846,
  "recall_at_10_id": 0.2516025641025641,
  "recall_at_1_name": 0.049679487179487176,
  "recall_at_3_name": 0.1778846153846154,
  "recall_at_5_name": 0.1987179487179487,
  "recall_at_10_name": 0.23557692307692307,
  "recall_at_1_id_or_name": 0.049679487179487176,
  "recall_at_3_id_or_name": 0.20512820512820512,
  "recall_at_5_id_or_name": 0.22596153846153846,
  "recall_at_10_id_or_name": 0.2516025641025641,
  "recall_at_1_mondo": 0.0,
  "recall_at_3_mondo": 0.0,
  "recall_at_5_mondo": 0.0,
  "recall_at_10_mondo": 0.0,
  "found_rate_id": 0.2532051282051282,
  "found_rate_name": 0.23717948717948717,
  "found_rate_id_or_name": 0.2532051282051282,
  "found_rate_mondo": 0.0,
  "mean_rank_id": 2.7974683544303796,
  "mean_rank_name": 3.114864864864865,
  "mean_rank_id_or_name": 2.7974683544303796,
  "mean_rank_mondo": 0.0,
  "n_fuzzy_auto_correct": 864,
  "n_fuzzy_review": 760,
  "n_fuzzy_rejected": 2441
}