{
  "n_cases": 68,
  "n_errors": 0,
  "error_rate": 0.0,
  "mrr_id": 0.2378267973856209,
  "mrr_name": 0.23415032679738562,
  "mrr_id_or_name": 0.2378267973856209,
  "mrr_mondo": 0.0,
  "recall_at_1_id": 0.20588235294117646,
  "recall_at_3_id": 0.25,
  "recall_at_5_id": 0.27941176470588236,
  "recall_at_10_id": 0.3235294117647059,
  "recall_at_1_name": 0.20588235294117646,
  "recall_at_3_name": 0.25,
  "recall_at_5_name": 0.2647058823529412,
  "recall_at_10_name": 0.3088235294117647,
  "recall_at_1_id_or_name": 0.20588235294117646,
  "recall_at_3_id_or_name": 0.25,
  "recall_at_5_id_or_name": 0.27941176470588236,
  "recall_at_10_id_or_name": 0.3235294117647059,
  "recall_at_1_mondo": 0.0,
  "recall_at_3_mondo": 0.0,
  "recall_at_5_mondo": 0.0,
  "recall_at_10_mondo": 0.0,
  "found_rate_id": 0.3235294117647059,
  "found_rate_name": 0.3088235294117647,
  "found_rate_id_or_name": 0.3235294117647059,
  "found_rate_mondo": 0.0,
  "mean_rank_id": 2.4545454545454546,
  "mean_rank_name": 2.380952380952381,
  "mean_rank_id_or_name": 2.4545454545454546,
  "mean_rank_mondo": 0.0,
  "n_fuzzy_auto_correct": 58,
  "n_fuzzy_review": 42,
  "n_fuzzy_rejected": 581
}