{
  "n_cases": 6898,
  "n_errors": 7,
  "error_rate": 0.001014786894752102,
  "mrr_id": 0.08466442267181612,
  "mrr_name": 0.08445847385757504,
  "mrr_id_or_name": 0.08466442267181612,
  "mrr_mondo": 0.0,
  "recall_at_1_id": 0.07132502174543345,
  "recall_at_3_id": 0.09234560742244129,
  "recall_at_5_id": 0.10307335459553493,
  "recall_at_10_id": 0.11423601043780807,
  "recall_at_1_name": 0.07132502174543345,
  "recall_at_3_name": 0.09176572919686866,
  "recall_at_5_name": 0.10278341548274862,
  "recall_at_10_name": 0.11365613221223543,
  "recall_at_1_id_or_name": 0.07132502174543345,
  "recall_at_3_id_or_name": 0.09234560742244129,
  "recall_at_5_id_or_name": 0.10307335459553493,
  "recall_at_10_id_or_name": 0.11423601043780807,
  "recall_at_1_mondo": 0.0,
  "recall_at_3_mondo": 0.0,
  "recall_at_5_mondo": 0.0,
  "recall_at_10_mondo": 0.0,
  "found_rate_id": 0.11496085821977385,
  "found_rate_name": 0.11438097999420122,
  "found_rate_id_or_name": 0.11496085821977385,
  "found_rate_mondo": 0.0,
  "mean_rank_id": 2.240857503152585,
  "mean_rank_name": 2.229404309252218,
  "mean_rank_id_or_name": 2.240857503152585,
  "mean_rank_mondo": 0.0,
  "n_fuzzy_auto_correct": 8013,
  "n_fuzzy_review": 10224,
  "n_fuzzy_rejected": 24301
}