{
  "n_cases": 370,
  "n_errors": 0,
  "error_rate": 0.0,
  "mrr_id": 0.15425568425568426,
  "mrr_name": 0.14932325182325182,
  "mrr_id_or_name": 0.15425568425568426,
  "mrr_mondo": 0.0,
  "recall_at_1_id": 0.12702702702702703,
  "recall_at_3_id": 0.16756756756756758,
  "recall_at_5_id": 0.1945945945945946,
  "recall_at_10_id": 0.22702702702702704,
  "recall_at_1_name": 0.12162162162162163,
  "recall_at_3_name": 0.16486486486486487,
  "recall_at_5_name": 0.1891891891891892,
  "recall_at_10_name": 0.21891891891891893,
  "recall_at_1_id_or_name": 0.12702702702702703,
  "recall_at_3_id_or_name": 0.16756756756756758,
  "recall_at_5_id_or_name": 0.1945945945945946,
  "recall_at_10_id_or_name": 0.22702702702702704,
  "recall_at_1_mondo": 0.0,
  "recall_at_3_mondo": 0.0,
  "recall_at_5_mondo": 0.0,
  "recall_at_10_mondo": 0.0,
  "found_rate_id": 0.22702702702702704,
  "found_rate_name": 0.21891891891891893,
  "found_rate_id_or_name": 0.22702702702702704,
  "found_rate_mondo": 0.0,
  "mean_rank_id": 2.6904761904761907,
  "mean_rank_name": 2.6296296296296298,
  "mean_rank_id_or_name": 2.6904761904761907,
  "mean_rank_mondo": 0.0,
  "n_fuzzy_auto_correct": 683,
  "n_fuzzy_review": 701,
  "n_fuzzy_rejected": 2190
}