{
  "n_cases": 68,
  "n_errors": 0,
  "error_rate": 0.0,
  "mrr_id": 0.22916666666666669,
  "mrr_name": 0.22916666666666669,
  "mrr_id_or_name": 0.22916666666666669,
  "mrr_mondo": 0.0,
  "recall_at_1_id": 0.16176470588235295,
  "recall_at_3_id": 0.2647058823529412,
  "recall_at_5_id": 0.3382352941176471,
  "recall_at_10_id": 0.36764705882352944,
  "recall_at_1_name": 0.16176470588235295,
  "recall_at_3_name": 0.2647058823529412,
  "recall_at_5_name": 0.3382352941176471,
  "recall_at_10_name": 0.36764705882352944,
  "recall_at_1_id_or_name": 0.16176470588235295,
  "recall_at_3_id_or_name": 0.2647058823529412,
  "recall_at_5_id_or_name": 0.3382352941176471,
  "recall_at_10_id_or_name": 0.36764705882352944,
  "recall_at_1_mondo": 0.0,
  "recall_at_3_mondo": 0.0,
  "recall_at_5_mondo": 0.0,
  "recall_at_10_mondo": 0.0,
  "found_rate_id": 0.36764705882352944,
  "found_rate_name": 0.36764705882352944,
  "found_rate_id_or_name": 0.36764705882352944,
  "found_rate_mondo": 0.0,
  "mean_rank_id": 2.6,
  "mean_rank_name": 2.6,
  "mean_rank_id_or_name": 2.6,
  "mean_rank_mondo": 0.0,
  "n_fuzzy_auto_correct": 100,
  "n_fuzzy_review": 55,
  "n_fuzzy_rejected": 523
}