{
  "n_cases": 624,
  "n_errors": 149,
  "error_rate": 0.2387820512820513,
  "mrr_id": 0.26716651404151404,
  "mrr_name": 0.2385206807081807,
  "mrr_id_or_name": 0.26716651404151404,
  "mrr_mondo": 0.0,
  "recall_at_1_id": 0.20032051282051283,
  "recall_at_3_id": 0.30448717948717946,
  "recall_at_5_id": 0.3573717948717949,
  "recall_at_10_id": 0.40064102564102566,
  "recall_at_1_name": 0.17307692307692307,
  "recall_at_3_name": 0.27403846153846156,
  "recall_at_5_name": 0.3269230769230769,
  "recall_at_10_name": 0.3717948717948718,
  "recall_at_1_id_or_name": 0.20032051282051283,
  "recall_at_3_id_or_name": 0.30448717948717946,
  "recall_at_5_id_or_name": 0.3573717948717949,
  "recall_at_10_id_or_name": 0.40064102564102566,
  "recall_at_1_mondo": 0.0,
  "recall_at_3_mondo": 0.0,
  "recall_at_5_mondo": 0.0,
  "recall_at_10_mondo": 0.0,
  "found_rate_id": 0.40064102564102566,
  "found_rate_name": 0.3717948717948718,
  "found_rate_id_or_name": 0.40064102564102566,
  "found_rate_mondo": 0.0,
  "mean_rank_id": 2.44,
  "mean_rank_name": 2.5732758620689653,
  "mean_rank_id_or_name": 2.44,
  "mean_rank_mondo": 0.0,
  "n_fuzzy_auto_correct": 1083,
  "n_fuzzy_review": 847,
  "n_fuzzy_rejected": 2602
}