{
  "n_cases": 370,
  "n_errors": 0,
  "error_rate": 0.0,
  "mrr_id": 0.20336121836121834,
  "mrr_name": 0.17633419133419131,
  "mrr_id_or_name": 0.20336121836121834,
  "mrr_mondo": 0.0,
  "recall_at_1_id": 0.15945945945945947,
  "recall_at_3_id": 0.22702702702702704,
  "recall_at_5_id": 0.26216216216216215,
  "recall_at_10_id": 0.3324324324324324,
  "recall_at_1_name": 0.14324324324324325,
  "recall_at_3_name": 0.1891891891891892,
  "recall_at_5_name": 0.21891891891891893,
  "recall_at_10_name": 0.28378378378378377,
  "recall_at_1_id_or_name": 0.15945945945945947,
  "recall_at_3_id_or_name": 0.22702702702702704,
  "recall_at_5_id_or_name": 0.26216216216216215,
  "recall_at_10_id_or_name": 0.3324324324324324,
  "recall_at_1_mondo": 0.0,
  "recall_at_3_mondo": 0.0,
  "recall_at_5_mondo": 0.0,
  "recall_at_10_mondo": 0.0,
  "found_rate_id": 0.3324324324324324,
  "found_rate_name": 0.28378378378378377,
  "found_rate_id_or_name": 0.3324324324324324,
  "found_rate_mondo": 0.0,
  "mean_rank_id": 3.1951219512195124,
  "mean_rank_name": 3.295238095238095,
  "mean_rank_id_or_name": 3.1951219512195124,
  "mean_rank_mondo": 0.0,
  "n_fuzzy_auto_correct": 477,
  "n_fuzzy_review": 577,
  "n_fuzzy_rejected": 2657
}