{
  "rows": [
    {
      "stage": "retriever",
      "method": "retriever_phenodp_top50",
      "status": "completed",
      "n_cases": 1902,
      "id_correct_mrr": 0.6747442766821974,
      "id_correct_found": 0.8364879074658255,
      "id_correct_hit_1": 0.6203995793901157,
      "id_correct_hit_3": 0.7060988433228181,
      "id_correct_hit_5": 0.7402733964248159,
      "id_correct_hit_10": 0.7802313354363828,
      "id_and_name_correct_mrr": 0.0,
      "id_and_name_correct_found": 0.0,
      "id_and_name_correct_hit_1": 0.0,
      "id_and_name_correct_hit_3": 0.0,
      "id_and_name_correct_hit_5": 0.0,
      "id_and_name_correct_hit_10": 0.0,
      "id_or_name_correct_mrr": 0.6747442766821974,
      "id_or_name_correct_found": 0.8364879074658255,
      "id_or_name_correct_hit_1": 0.6203995793901157,
      "id_or_name_correct_hit_3": 0.7060988433228181,
      "id_or_name_correct_hit_5": 0.7402733964248159,
      "id_or_name_correct_hit_10": 0.7802313354363828
    },
    {
      "stage": "reranker",
      "method": "reranker_gemma4_top3",
      "status": "completed",
      "n_cases": 1902,
      "id_correct_mrr": 0.6585173501577287,
      "id_correct_found": 0.7060988433228181,
      "id_correct_hit_1": 0.6198738170347003,
      "id_correct_hit_3": 0.7060988433228181,
      "id_correct_hit_5": 0.7060988433228181,
      "id_correct_hit_10": 0.7060988433228181,
      "id_and_name_correct_mrr": 0.0,
      "id_and_name_correct_found": 0.0,
      "id_and_name_correct_hit_1": 0.0,
      "id_and_name_correct_hit_3": 0.0,
      "id_and_name_correct_hit_5": 0.0,
      "id_and_name_correct_hit_10": 0.0,
      "id_or_name_correct_mrr": 0.6585173501577287,
      "id_or_name_correct_found": 0.7060988433228181,
      "id_or_name_correct_hit_1": 0.6198738170347003,
      "id_or_name_correct_hit_3": 0.7060988433228181,
      "id_or_name_correct_hit_5": 0.7060988433228181,
      "id_or_name_correct_hit_10": 0.7060988433228181
    },
    {
      "stage": "reranker",
      "method": "reranker_gemma4_top5",
      "status": "completed",
      "n_cases": 1902,
      "id_correct_mrr": 0.6661409043112513,
      "id_correct_found": 0.7402733964248159,
      "id_correct_hit_1": 0.6198738170347003,
      "id_correct_hit_3": 0.7060988433228181,
      "id_correct_hit_5": 0.7402733964248159,
      "id_correct_hit_10": 0.7402733964248159,
      "id_and_name_correct_mrr": 0.0,
      "id_and_name_correct_found": 0.0,
      "id_and_name_correct_hit_1": 0.0,
      "id_and_name_correct_hit_3": 0.0,
      "id_and_name_correct_hit_5": 0.0,
      "id_and_name_correct_hit_10": 0.0,
      "id_or_name_correct_mrr": 0.6661409043112513,
      "id_or_name_correct_found": 0.7402733964248159,
      "id_or_name_correct_hit_1": 0.6198738170347003,
      "id_or_name_correct_hit_3": 0.7060988433228181,
      "id_or_name_correct_hit_5": 0.7402733964248159,
      "id_or_name_correct_hit_10": 0.7402733964248159
    },
    {
      "stage": "reranker",
      "method": "reranker_gemma4_top10",
      "status": "completed",
      "n_cases": 1902,
      "id_correct_mrr": 0.6714471400196952,
      "id_correct_found": 0.7802313354363828,
      "id_correct_hit_1": 0.6198738170347003,
      "id_correct_hit_3": 0.7060988433228181,
      "id_correct_hit_5": 0.7402733964248159,
      "id_correct_hit_10": 0.7802313354363828,
      "id_and_name_correct_mrr": 0.0,
      "id_and_name_correct_found": 0.0,
      "id_and_name_correct_hit_1": 0.0,
      "id_and_name_correct_hit_3": 0.0,
      "id_and_name_correct_hit_5": 0.0,
      "id_and_name_correct_hit_10": 0.0,
      "id_or_name_correct_mrr": 0.6714471400196952,
      "id_or_name_correct_found": 0.7802313354363828,
      "id_or_name_correct_hit_1": 0.6198738170347003,
      "id_or_name_correct_hit_3": 0.7060988433228181,
      "id_or_name_correct_hit_5": 0.7402733964248159,
      "id_or_name_correct_hit_10": 0.7802313354363828
    }
  ]
}
