{
  "rows": [
    {
      "stage": "retriever",
      "method": "retriever_phenodp_top50",
      "status": "completed",
      "n_cases": 2248,
      "id_correct_mrr": 0.6415657840912632,
      "id_correct_found": 0.791814946619217,
      "id_correct_hit_1": 0.5903024911032029,
      "id_correct_hit_3": 0.6717081850533808,
      "id_correct_hit_5": 0.7019572953736655,
      "id_correct_hit_10": 0.7370996441281139,
      "name_correct_mrr": 0.0,
      "name_correct_found": 0.0,
      "name_correct_hit_1": 0.0,
      "name_correct_hit_3": 0.0,
      "name_correct_hit_5": 0.0,
      "name_correct_hit_10": 0.0,
      "id_or_name_correct_mrr": 0.6415657840912632,
      "id_or_name_correct_found": 0.791814946619217,
      "id_or_name_correct_hit_1": 0.5903024911032029,
      "id_or_name_correct_hit_3": 0.6717081850533808,
      "id_or_name_correct_hit_5": 0.7019572953736655,
      "id_or_name_correct_hit_10": 0.7370996441281139
    },
    {
      "stage": "reranker",
      "method": "reranker_gemma4_top3",
      "status": "completed",
      "n_cases": 2248,
      "id_correct_mrr": 0.5993475682087778,
      "id_correct_found": 0.6717081850533808,
      "id_correct_hit_1": 0.5413701067615658,
      "id_correct_hit_3": 0.6717081850533808,
      "id_correct_hit_5": 0.6717081850533808,
      "id_correct_hit_10": 0.6717081850533808,
      "name_correct_mrr": 0.0,
      "name_correct_found": 0.0,
      "name_correct_hit_1": 0.0,
      "name_correct_hit_3": 0.0,
      "name_correct_hit_5": 0.0,
      "name_correct_hit_10": 0.0,
      "id_or_name_correct_mrr": 0.5993475682087778,
      "id_or_name_correct_found": 0.6717081850533808,
      "id_or_name_correct_hit_1": 0.5413701067615658,
      "id_or_name_correct_hit_3": 0.6717081850533808,
      "id_or_name_correct_hit_5": 0.6717081850533808,
      "id_or_name_correct_hit_10": 0.6717081850533808
    },
    {
      "stage": "reranker",
      "method": "reranker_gemma4_top5",
      "status": "completed",
      "n_cases": 2248,
      "id_correct_mrr": 0.5978499406880191,
      "id_correct_found": 0.7019572953736655,
      "id_correct_hit_1": 0.5302491103202847,
      "id_correct_hit_3": 0.6565836298932385,
      "id_correct_hit_5": 0.7019572953736655,
      "id_correct_hit_10": 0.7019572953736655,
      "name_correct_mrr": 0.0,
      "name_correct_found": 0.0,
      "name_correct_hit_1": 0.0,
      "name_correct_hit_3": 0.0,
      "name_correct_hit_5": 0.0,
      "name_correct_hit_10": 0.0,
      "id_or_name_correct_mrr": 0.5978499406880191,
      "id_or_name_correct_found": 0.7019572953736655,
      "id_or_name_correct_hit_1": 0.5302491103202847,
      "id_or_name_correct_hit_3": 0.6565836298932385,
      "id_or_name_correct_hit_5": 0.7019572953736655,
      "id_or_name_correct_hit_10": 0.7019572953736655
    },
    {
      "stage": "reranker",
      "method": "reranker_gemma4_top10",
      "status": "completed",
      "n_cases": 2248,
      "id_correct_mrr": 0.6100203708410998,
      "id_correct_found": 0.7370996441281139,
      "id_correct_hit_1": 0.5431494661921709,
      "id_correct_hit_3": 0.6614768683274022,
      "id_correct_hit_5": 0.6952846975088968,
      "id_correct_hit_10": 0.7370996441281139,
      "name_correct_mrr": 0.0,
      "name_correct_found": 0.0,
      "name_correct_hit_1": 0.0,
      "name_correct_hit_3": 0.0,
      "name_correct_hit_5": 0.0,
      "name_correct_hit_10": 0.0,
      "id_or_name_correct_mrr": 0.6100203708410998,
      "id_or_name_correct_found": 0.7370996441281139,
      "id_or_name_correct_hit_1": 0.5431494661921709,
      "id_or_name_correct_hit_3": 0.6614768683274022,
      "id_or_name_correct_hit_5": 0.6952846975088968,
      "id_or_name_correct_hit_10": 0.7370996441281139
    }
  ]
}