{
  "rows": [
    {
      "stage": "retriever",
      "method": "retriever_phenodp_top50",
      "status": "completed",
      "n_cases": 2248,
      "id_correct_mrr": 0.6415657840912632,
      "id_correct_found": 0.791814946619217,
      "id_correct_hit_1": 0.5903024911032029,
      "id_correct_hit_3": 0.6717081850533808,
      "id_correct_hit_5": 0.7019572953736655,
      "id_correct_hit_10": 0.7370996441281139,
      "name_correct_mrr": 0.0,
      "name_correct_found": 0.0,
      "name_correct_hit_1": 0.0,
      "name_correct_hit_3": 0.0,
      "name_correct_hit_5": 0.0,
      "name_correct_hit_10": 0.0,
      "id_or_name_correct_mrr": 0.6415657840912632,
      "id_or_name_correct_found": 0.791814946619217,
      "id_or_name_correct_hit_1": 0.5903024911032029,
      "id_or_name_correct_hit_3": 0.6717081850533808,
      "id_or_name_correct_hit_5": 0.7019572953736655,
      "id_or_name_correct_hit_10": 0.7370996441281139
    },
    {
      "stage": "reranker",
      "method": "reranker_gemma4_top3",
      "status": "completed",
      "n_cases": 2248,
      "id_correct_mrr": 0.626260379596678,
      "id_correct_found": 0.6717081850533808,
      "id_correct_hit_1": 0.5894128113879004,
      "id_correct_hit_3": 0.6717081850533808,
      "id_correct_hit_5": 0.6717081850533808,
      "id_correct_hit_10": 0.6717081850533808,
      "name_correct_mrr": 0.0,
      "name_correct_found": 0.0,
      "name_correct_hit_1": 0.0,
      "name_correct_hit_3": 0.0,
      "name_correct_hit_5": 0.0,
      "name_correct_hit_10": 0.0,
      "id_or_name_correct_mrr": 0.626260379596678,
      "id_or_name_correct_found": 0.6717081850533808,
      "id_or_name_correct_hit_1": 0.5894128113879004,
      "id_or_name_correct_hit_3": 0.6717081850533808,
      "id_or_name_correct_hit_5": 0.6717081850533808,
      "id_or_name_correct_hit_10": 0.6717081850533808
    },
    {
      "stage": "reranker",
      "method": "reranker_gemma4_top5",
      "status": "completed",
      "n_cases": 2248,
      "id_correct_mrr": 0.6334741992882562,
      "id_correct_found": 0.7019572953736655,
      "id_correct_hit_1": 0.5898576512455516,
      "id_correct_hit_3": 0.6717081850533808,
      "id_correct_hit_5": 0.7019572953736655,
      "id_correct_hit_10": 0.7019572953736655,
      "name_correct_mrr": 0.0,
      "name_correct_found": 0.0,
      "name_correct_hit_1": 0.0,
      "name_correct_hit_3": 0.0,
      "name_correct_hit_5": 0.0,
      "name_correct_hit_10": 0.0,
      "id_or_name_correct_mrr": 0.6334741992882562,
      "id_or_name_correct_found": 0.7019572953736655,
      "id_or_name_correct_hit_1": 0.5898576512455516,
      "id_or_name_correct_hit_3": 0.6717081850533808,
      "id_or_name_correct_hit_5": 0.7019572953736655,
      "id_or_name_correct_hit_10": 0.7019572953736655
    },
    {
      "stage": "reranker",
      "method": "reranker_gemma4_top10",
      "status": "completed",
      "n_cases": 2248,
      "id_correct_mrr": 0.6381785573066708,
      "id_correct_found": 0.7370996441281139,
      "id_correct_hit_1": 0.5898576512455516,
      "id_correct_hit_3": 0.6717081850533808,
      "id_correct_hit_5": 0.7019572953736655,
      "id_correct_hit_10": 0.7370996441281139,
      "name_correct_mrr": 0.0,
      "name_correct_found": 0.0,
      "name_correct_hit_1": 0.0,
      "name_correct_hit_3": 0.0,
      "name_correct_hit_5": 0.0,
      "name_correct_hit_10": 0.0,
      "id_or_name_correct_mrr": 0.6381785573066708,
      "id_or_name_correct_found": 0.7370996441281139,
      "id_or_name_correct_hit_1": 0.5898576512455516,
      "id_or_name_correct_hit_3": 0.6717081850533808,
      "id_or_name_correct_hit_5": 0.7019572953736655,
      "id_or_name_correct_hit_10": 0.7370996441281139
    }
  ]
}