{
  "rows": [
    {
      "stage": "retriever",
      "method": "retriever_phenodp_top50",
      "status": "completed",
      "n_cases": 1902,
      "id_correct_mrr": 0.6747442766821974,
      "id_correct_found": 0.8364879074658255,
      "id_correct_hit_1": 0.6203995793901157,
      "id_correct_hit_3": 0.7060988433228181,
      "id_correct_hit_5": 0.7402733964248159,
      "id_correct_hit_10": 0.7802313354363828,
      "id_and_name_correct_mrr": 0.0,
      "id_and_name_correct_found": 0.0,
      "id_and_name_correct_hit_1": 0.0,
      "id_and_name_correct_hit_3": 0.0,
      "id_and_name_correct_hit_5": 0.0,
      "id_and_name_correct_hit_10": 0.0,
      "id_or_name_correct_mrr": 0.6747442766821974,
      "id_or_name_correct_found": 0.8364879074658255,
      "id_or_name_correct_hit_1": 0.6203995793901157,
      "id_or_name_correct_hit_3": 0.7060988433228181,
      "id_or_name_correct_hit_5": 0.7402733964248159,
      "id_or_name_correct_hit_10": 0.7802313354363828
    },
    {
      "stage": "reranker",
      "method": "reranker_gemma4_top3",
      "status": "completed",
      "n_cases": 1902,
      "id_correct_mrr": 0.6291622853137049,
      "id_correct_found": 0.7060988433228181,
      "id_correct_hit_1": 0.5678233438485805,
      "id_correct_hit_3": 0.7060988433228181,
      "id_correct_hit_5": 0.7060988433228181,
      "id_correct_hit_10": 0.7060988433228181,
      "id_and_name_correct_mrr": 0.0,
      "id_and_name_correct_found": 0.0,
      "id_and_name_correct_hit_1": 0.0,
      "id_and_name_correct_hit_3": 0.0,
      "id_and_name_correct_hit_5": 0.0,
      "id_and_name_correct_hit_10": 0.0,
      "id_or_name_correct_mrr": 0.6291622853137049,
      "id_or_name_correct_found": 0.7060988433228181,
      "id_or_name_correct_hit_1": 0.5678233438485805,
      "id_or_name_correct_hit_3": 0.7060988433228181,
      "id_or_name_correct_hit_5": 0.7060988433228181,
      "id_or_name_correct_hit_10": 0.7060988433228181
    },
    {
      "stage": "reranker",
      "method": "reranker_gemma4_top5",
      "status": "completed",
      "n_cases": 1902,
      "id_correct_mrr": 0.6325008762705924,
      "id_correct_found": 0.7402733964248159,
      "id_correct_hit_1": 0.5620399579390115,
      "id_correct_hit_3": 0.6945320715036803,
      "id_correct_hit_5": 0.7402733964248159,
      "id_correct_hit_10": 0.7402733964248159,
      "id_and_name_correct_mrr": 0.0,
      "id_and_name_correct_found": 0.0,
      "id_and_name_correct_hit_1": 0.0,
      "id_and_name_correct_hit_3": 0.0,
      "id_and_name_correct_hit_5": 0.0,
      "id_and_name_correct_hit_10": 0.0,
      "id_or_name_correct_mrr": 0.6325008762705924,
      "id_or_name_correct_found": 0.7402733964248159,
      "id_or_name_correct_hit_1": 0.5620399579390115,
      "id_or_name_correct_hit_3": 0.6945320715036803,
      "id_or_name_correct_hit_5": 0.7402733964248159,
      "id_or_name_correct_hit_10": 0.7402733964248159
    },
    {
      "stage": "reranker",
      "method": "reranker_gemma4_top10",
      "status": "completed",
      "n_cases": 1902,
      "id_correct_mrr": 0.6474369085173501,
      "id_correct_found": 0.7802313354363828,
      "id_correct_hit_1": 0.5783385909568874,
      "id_correct_hit_3": 0.7018927444794952,
      "id_correct_hit_5": 0.732912723449001,
      "id_correct_hit_10": 0.7802313354363828,
      "id_and_name_correct_mrr": 0.0,
      "id_and_name_correct_found": 0.0,
      "id_and_name_correct_hit_1": 0.0,
      "id_and_name_correct_hit_3": 0.0,
      "id_and_name_correct_hit_5": 0.0,
      "id_and_name_correct_hit_10": 0.0,
      "id_or_name_correct_mrr": 0.6474369085173501,
      "id_or_name_correct_found": 0.7802313354363828,
      "id_or_name_correct_hit_1": 0.5783385909568874,
      "id_or_name_correct_hit_3": 0.7018927444794952,
      "id_or_name_correct_hit_5": 0.732912723449001,
      "id_or_name_correct_hit_10": 0.7802313354363828
    }
  ]
}
