{
  "n_cases": 68,
  "n_errors": 2,
  "error_rate": 0.029411764705882353,
  "mrr_id": 0.18837535014005602,
  "mrr_name": 0.18837535014005602,
  "mrr_id_or_name": 0.18837535014005602,
  "mrr_mondo": 0.0,
  "recall_at_1_id": 0.1323529411764706,
  "recall_at_3_id": 0.20588235294117646,
  "recall_at_5_id": 0.2647058823529412,
  "recall_at_10_id": 0.3235294117647059,
  "recall_at_1_name": 0.1323529411764706,
  "recall_at_3_name": 0.20588235294117646,
  "recall_at_5_name": 0.2647058823529412,
  "recall_at_10_name": 0.3235294117647059,
  "recall_at_1_id_or_name": 0.1323529411764706,
  "recall_at_3_id_or_name": 0.20588235294117646,
  "recall_at_5_id_or_name": 0.2647058823529412,
  "recall_at_10_id_or_name": 0.3235294117647059,
  "recall_at_1_mondo": 0.0,
  "recall_at_3_mondo": 0.0,
  "recall_at_5_mondo": 0.0,
  "recall_at_10_mondo": 0.0,
  "found_rate_id": 0.3235294117647059,
  "found_rate_name": 0.3235294117647059,
  "found_rate_id_or_name": 0.3235294117647059,
  "found_rate_mondo": 0.0,
  "mean_rank_id": 3.0454545454545454,
  "mean_rank_name": 3.0454545454545454,
  "mean_rank_id_or_name": 3.0454545454545454,
  "mean_rank_mondo": 0.0,
  "n_fuzzy_auto_correct": 83,
  "n_fuzzy_review": 38,
  "n_fuzzy_rejected": 521
}