{
  "llama-3.3-70b|phenopacket": {
    "n": 6898,
    "policy_mrr": 0.22553133871511025,
    "strict_mrr": 0.19204462518825294,
    "policy_hit@1": 0.16671498985213104,
    "policy_score@1": 0.15094955059437518,
    "strict_hit@1": 0.14308495216004638,
    "policy_hit@3": 0.2632647144099739,
    "policy_score@3": 0.2360466801971586,
    "strict_hit@3": 0.21861409104088142,
    "policy_hit@5": 0.30269643374891275,
    "policy_score@5": 0.27391997680487096,
    "strict_hit@5": 0.25572629747752973,
    "policy_hit@10": 0.34633227022325314,
    "policy_score@10": 0.3164685416062627,
    "strict_hit@10": 0.29878225572629746
  },
  "llama70b-legacy|phenopacket": {
    "n": 6898,
    "policy_mrr": 0.23577210095403775,
    "strict_mrr": 0.20790135857184278,
    "policy_hit@1": 0.18048709770948101,
    "policy_score@1": 0.16979559292548566,
    "strict_hit@1": 0.16251087271672948,
    "policy_hit@3": 0.26906349666570023,
    "policy_score@3": 0.24713685126123514,
    "strict_hit@3": 0.23006668599594085,
    "policy_hit@5": 0.3061757031023485,
    "policy_score@5": 0.28294433169034505,
    "strict_hit@5": 0.2654392577558713,
    "policy_hit@10": 0.35546535227602205,
    "policy_score@10": 0.3328138590895912,
    "strict_hit@10": 0.31661351116265585
  },
  "gemma-4-31b|phenopacket": {
    "n": 6898,
    "policy_mrr": 0.19120431733145563,
    "strict_mrr": 0.15580407479508668,
    "policy_hit@1": 0.1570020295737895,
    "policy_score@1": 0.1339156277181792,
    "strict_hit@1": 0.12249927515221803,
    "policy_hit@3": 0.21035082632647145,
    "policy_score@3": 0.18824296897651493,
    "strict_hit@3": 0.1743983763409684,
    "policy_hit@5": 0.23630037692084663,
    "policy_score@5": 0.21335894462162946,
    "strict_hit@5": 0.19933314004059147,
    "policy_hit@10": 0.2660191359814439,
    "policy_score@10": 0.24325891562771818,
    "strict_hit@10": 0.23108147289069295
  },
  "med42-70b|phenopacket": {
    "n": 6898,
    "policy_mrr": 0.19881297184501012,
    "strict_mrr": 0.17065786006783398,
    "policy_hit@1": 0.13366193099449117,
    "policy_score@1": 0.1205421861409104,
    "strict_hit@1": 0.11539576688895332,
    "policy_hit@3": 0.24441867207886345,
    "policy_score@3": 0.22234705711800523,
    "strict_hit@3": 0.2104957958828646,
    "policy_hit@5": 0.28761959988402436,
    "policy_score@5": 0.25866193099449114,
    "strict_hit@5": 0.24093940272542766,
    "policy_hit@10": 0.3256016236590316,
    "policy_score@10": 0.29559292548564803,
    "strict_hit@10": 0.2776167004928965
  },
  "qwen2.5-32b|phenopacket": {
    "n": 6898,
    "policy_mrr": 0.16385662636387482,
    "strict_mrr": 0.13308637779861324,
    "policy_hit@1": 0.12728327051319224,
    "policy_score@1": 0.11140910408814149,
    "strict_hit@1": 0.10539286749782546,
    "policy_hit@3": 0.19222963177732677,
    "policy_score@3": 0.1662438387938533,
    "strict_hit@3": 0.15062336909249058,
    "policy_hit@5": 0.21600463902580458,
    "policy_score@5": 0.18802551464192518,
    "strict_hit@5": 0.17077413743113945,
    "policy_hit@10": 0.23789504204117135,
    "policy_score@10": 0.21056828066106117,
    "strict_hit@10": 0.19483908379240358
  },
  "medgemma-27b|phenopacket": {
    "n": 6898,
    "policy_mrr": 0.15775236208332757,
    "strict_mrr": 0.1258968553111783,
    "policy_hit@1": 0.12423890982893593,
    "policy_score@1": 0.10981443896781676,
    "strict_hit@1": 0.10234850681356915,
    "policy_hit@3": 0.18382139750652363,
    "policy_score@3": 0.1594302696433749,
    "strict_hit@3": 0.14308495216004638,
    "policy_hit@5": 0.20223253116845463,
    "policy_score@5": 0.1757031023485068,
    "strict_hit@5": 0.15830675558132792,
    "policy_hit@10": 0.22165845172513773,
    "policy_score@10": 0.19172223832995072,
    "strict_hit@10": 0.17294868077703682
  },
  "llama-3.3-70b|HMS": {
    "n": 68,
    "policy_mrr": 0.23713235294117646,
    "strict_mrr": 0.23713235294117646,
    "policy_hit@1": 0.17647058823529413,
    "policy_score@1": 0.17647058823529413,
    "strict_hit@1": 0.17647058823529413,
    "policy_hit@3": 0.27941176470588236,
    "policy_score@3": 0.27941176470588236,
    "strict_hit@3": 0.27941176470588236,
    "policy_hit@5": 0.3088235294117647,
    "policy_score@5": 0.3088235294117647,
    "strict_hit@5": 0.3088235294117647,
    "policy_hit@10": 0.36764705882352944,
    "policy_score@10": 0.36764705882352944,
    "strict_hit@10": 0.36764705882352944
  },
  "med42-70b|HMS": {
    "n": 68,
    "policy_mrr": 0.2378267973856209,
    "strict_mrr": 0.2378267973856209,
    "policy_hit@1": 0.20588235294117646,
    "policy_score@1": 0.20588235294117646,
    "strict_hit@1": 0.20588235294117646,
    "policy_hit@3": 0.25,
    "policy_score@3": 0.25,
    "strict_hit@3": 0.25,
    "policy_hit@5": 0.27941176470588236,
    "policy_score@5": 0.27941176470588236,
    "strict_hit@5": 0.27941176470588236,
    "policy_hit@10": 0.3235294117647059,
    "policy_score@10": 0.3235294117647059,
    "strict_hit@10": 0.3235294117647059
  },
  "gemma-3-27b|HMS": {
    "n": 68,
    "policy_mrr": 0.22916666666666669,
    "strict_mrr": 0.22916666666666669,
    "policy_hit@1": 0.16176470588235295,
    "policy_score@1": 0.16176470588235295,
    "strict_hit@1": 0.16176470588235295,
    "policy_hit@3": 0.2647058823529412,
    "policy_score@3": 0.2647058823529412,
    "strict_hit@3": 0.2647058823529412,
    "policy_hit@5": 0.3382352941176471,
    "policy_score@5": 0.3382352941176471,
    "strict_hit@5": 0.3382352941176471,
    "policy_hit@10": 0.36764705882352944,
    "policy_score@10": 0.36764705882352944,
    "strict_hit@10": 0.36764705882352944
  },
  "gemma-4-31b|HMS": {
    "n": 68,
    "policy_mrr": 0.20575980392156865,
    "strict_mrr": 0.20575980392156865,
    "policy_hit@1": 0.1323529411764706,
    "policy_score@1": 0.1323529411764706,
    "strict_hit@1": 0.1323529411764706,
    "policy_hit@3": 0.22058823529411764,
    "policy_score@3": 0.22058823529411764,
    "strict_hit@3": 0.22058823529411764,
    "policy_hit@5": 0.3088235294117647,
    "policy_score@5": 0.3088235294117647,
    "strict_hit@5": 0.3088235294117647,
    "policy_hit@10": 0.4264705882352941,
    "policy_score@10": 0.4264705882352941,
    "strict_hit@10": 0.4264705882352941
  },
  "medgemma-27b|HMS": {
    "n": 68,
    "policy_mrr": 0.182125350140056,
    "strict_mrr": 0.182125350140056,
    "policy_hit@1": 0.1323529411764706,
    "policy_score@1": 0.1323529411764706,
    "strict_hit@1": 0.1323529411764706,
    "policy_hit@3": 0.22058823529411764,
    "policy_score@3": 0.22058823529411764,
    "strict_hit@3": 0.22058823529411764,
    "policy_hit@5": 0.25,
    "policy_score@5": 0.25,
    "strict_hit@5": 0.25,
    "policy_hit@10": 0.27941176470588236,
    "policy_score@10": 0.27941176470588236,
    "strict_hit@10": 0.27941176470588236
  },
  "qwen2.5-32b|HMS": {
    "n": 68,
    "policy_mrr": 0.1386204481792717,
    "strict_mrr": 0.1386204481792717,
    "policy_hit@1": 0.10294117647058823,
    "policy_score@1": 0.10294117647058823,
    "strict_hit@1": 0.10294117647058823,
    "policy_hit@3": 0.14705882352941177,
    "policy_score@3": 0.14705882352941177,
    "strict_hit@3": 0.14705882352941177,
    "policy_hit@5": 0.19117647058823528,
    "policy_score@5": 0.19117647058823528,
    "strict_hit@5": 0.19117647058823528,
    "policy_hit@10": 0.25,
    "policy_score@10": 0.25,
    "strict_hit@10": 0.25
  },
  "llama-3.3-70b|LIRICAL": {
    "n": 370,
    "policy_mrr": 0.24815978315978315,
    "strict_mrr": 0.2185952185952186,
    "policy_hit@1": 0.2,
    "policy_score@1": 0.18513513513513513,
    "strict_hit@1": 0.17027027027027028,
    "policy_hit@3": 0.2702702702702703,
    "policy_score@3": 0.2527027027027027,
    "strict_hit@3": 0.23783783783783785,
    "policy_hit@5": 0.3108108108108108,
    "policy_score@5": 0.29527027027027025,
    "strict_hit@5": 0.28378378378378377,
    "policy_hit@10": 0.3567567567567568,
    "policy_score@10": 0.34256756756756757,
    "strict_hit@10": 0.3324324324324324
  },
  "med42-70b|LIRICAL": {
    "n": 370,