{
  "phenopacket": {
    "n": 6901,
    "mrr": 0.5854688395223799,
    "hit@1": 0.5123895087668454,
    "hit@3": 0.6326619330531807,
    "hit@5": 0.6719316041153456,
    "hit@10": 0.7191711346181713,
    "hit@50": 0.8148094479061005,
    "not_found": 1278,
    "not_found_pct": 0.18519055209389942
  },
  "rarebench": {
    "n": 1122,
    "mrr": 0.34399919431840154,
    "hit@1": 0.25846702317290554,
    "hit@3": 0.38235294117647056,
    "hit@5": 0.4385026737967914,
    "hit@10": 0.5106951871657754,
    "hit@50": 0.661319073083779,
    "not_found": 380,
    "not_found_pct": 0.33868092691622104
  },
  "rarebench_subsets": {
    "HMS": {
      "n": 88,
      "mrr": 0.12071253401739747,
      "hit@1": 0.056818181818181816,
      "hit@3": 0.13636363636363635,
      "hit@5": 0.19318181818181818,
      "hit@10": 0.2840909090909091,
      "hit@50": 0.375,
      "not_found": 55,
      "not_found_pct": 0.625
    },
    "MME": {
      "n": 40,
      "mrr": 0.7404166666666666,
      "hit@1": 0.65,
      "hit@3": 0.8,
      "hit@5": 0.85,
      "hit@10": 0.9,
      "hit@50": 0.95,
      "not_found": 2,
      "not_found_pct": 0.05
    },
    "RAMEDIS": {
      "n": 624,
      "mrr": 0.1919854772436576,
      "hit@1": 0.10256410256410256,
      "hit@3": 0.22756410256410256,
      "hit@5": 0.28685897435897434,
      "hit@10": 0.3701923076923077,
      "hit@50": 0.5673076923076923,
      "not_found": 270,
      "not_found_pct": 0.4326923076923077
    },
    "LIRICAL": {
      "n": 370,
      "mrr": 0.610618347472991,
      "hit@1": 0.527027027027027,
      "hit@3": 0.6567567567567567,
      "hit@5": 0.7081081081081081,
      "hit@10": 0.7594594594594595,
      "hit@50": 0.8567567567567568,
      "not_found": 53,
      "not_found_pct": 0.14324324324324325
    }
  }
}