{
  "n_cases": 370,
  "n_errors": 24,
  "error_rate": 0.06486486486486487,
  "mrr_id": 0.12027670527670528,
  "mrr_name": 0.11802445302445302,
  "mrr_id_or_name": 0.12027670527670528,
  "mrr_mondo": 0.0,
  "recall_at_1_id": 0.08378378378378379,
  "recall_at_3_id": 0.15135135135135136,
  "recall_at_5_id": 0.17027027027027028,
  "recall_at_10_id": 0.1891891891891892,
  "recall_at_1_name": 0.08378378378378379,
  "recall_at_3_name": 0.14594594594594595,
  "recall_at_5_name": 0.16486486486486487,
  "recall_at_10_name": 0.1837837837837838,
  "recall_at_1_id_or_name": 0.08378378378378379,
  "recall_at_3_id_or_name": 0.15135135135135136,
  "recall_at_5_id_or_name": 0.17027027027027028,
  "recall_at_10_id_or_name": 0.1891891891891892,
  "recall_at_1_mondo": 0.0,
  "recall_at_3_mondo": 0.0,
  "recall_at_5_mondo": 0.0,
  "recall_at_10_mondo": 0.0,
  "found_rate_id": 0.1891891891891892,
  "found_rate_name": 0.1837837837837838,
  "found_rate_id_or_name": 0.1891891891891892,
  "found_rate_mondo": 0.0,
  "mean_rank_id": 2.4857142857142858,
  "mean_rank_name": 2.485294117647059,
  "mean_rank_id_or_name": 2.4857142857142858,
  "mean_rank_mondo": 0.0,
  "n_fuzzy_auto_correct": 539,
  "n_fuzzy_review": 486,
  "n_fuzzy_rejected": 2236
}