{
  "n_cases": 6898,
  "n_errors": 0,
  "error_rate": 0.0,
  "mrr_id": 0.14012412155352139,
  "mrr_name": 0.5064093802206299,
  "mrr_id_or_name": 0.5493245684279318,
  "mrr_mondo": 0.0,
  "recall_at_1_id": 0.1130762539866628,
  "recall_at_3_id": 0.15816178602493478,
  "recall_at_5_id": 0.17381849811539576,
  "recall_at_10_id": 0.19991301826616412,
  "recall_at_1_name": 0.39315743693824295,
  "recall_at_3_name": 0.5804581037982024,
  "recall_at_5_name": 0.6543925775587127,
  "recall_at_10_name": 0.7531168454624528,
  "recall_at_1_id_or_name": 0.444766599014207,
  "recall_at_3_id_or_name": 0.617860249347637,
  "recall_at_5_id_or_name": 0.6857060017396347,
  "recall_at_10_id_or_name": 0.7813859089591186,
  "recall_at_1_mondo": 0.0,
  "recall_at_3_mondo": 0.0,
  "recall_at_5_mondo": 0.0,
  "recall_at_10_mondo": 0.0,
  "found_rate_id": 0.19991301826616412,
  "found_rate_name": 0.7531168454624528,
  "found_rate_id_or_name": 0.7813859089591186,
  "found_rate_mondo": 0.0,
  "mean_rank_id": 2.432922407541697,
  "mean_rank_name": 2.5484119345524543,
  "mean_rank_id_or_name": 2.421892393320965,
  "mean_rank_mondo": 0.0,
  "n_fuzzy_auto_correct": 14987,
  "n_fuzzy_review": 10698,
  "n_fuzzy_rejected": 43042
}