{
  "rows": [
    {
      "stage": "retriever",
      "method": "retriever_phenodp_top50",
      "status": "completed",
      "n_cases": 1122,
      "id_correct_mrr": 0.3439991943184017,
      "id_correct_found": 0.661319073083779,
      "id_correct_hit_1": 0.25846702317290554,
      "id_correct_hit_3": 0.38235294117647056,
      "id_correct_hit_5": 0.4385026737967914,
      "id_correct_hit_10": 0.5106951871657754,
      "id_and_name_correct_mrr": 0.0,
      "id_and_name_correct_found": 0.0,
      "id_and_name_correct_hit_1": 0.0,
      "id_and_name_correct_hit_3": 0.0,
      "id_and_name_correct_hit_5": 0.0,
      "id_and_name_correct_hit_10": 0.0,
      "id_or_name_correct_mrr": 0.3439991943184017,
      "id_or_name_correct_found": 0.661319073083779,
      "id_or_name_correct_hit_1": 0.25846702317290554,
      "id_or_name_correct_hit_3": 0.38235294117647056,
      "id_or_name_correct_hit_5": 0.4385026737967914,
      "id_or_name_correct_hit_10": 0.5106951871657754
    },
    {
      "stage": "reranker",
      "method": "reranker_gemma4_top3",
      "status": "completed",
      "n_cases": 1122,
      "id_correct_mrr": 0.33407605466428997,
      "id_correct_found": 0.38235294117647056,
      "id_correct_hit_1": 0.29411764705882354,
      "id_correct_hit_3": 0.38235294117647056,
      "id_correct_hit_5": 0.38235294117647056,
      "id_correct_hit_10": 0.38235294117647056,
      "id_and_name_correct_mrr": 0.0,
      "id_and_name_correct_found": 0.0,
      "id_and_name_correct_hit_1": 0.0,
      "id_and_name_correct_hit_3": 0.0,
      "id_and_name_correct_hit_5": 0.0,
      "id_and_name_correct_hit_10": 0.0,
      "id_or_name_correct_mrr": 0.33407605466428997,
      "id_or_name_correct_found": 0.38235294117647056,
      "id_or_name_correct_hit_1": 0.29411764705882354,
      "id_or_name_correct_hit_3": 0.38235294117647056,
      "id_or_name_correct_hit_5": 0.38235294117647056,
      "id_or_name_correct_hit_10": 0.38235294117647056
    },
    {
      "stage": "reranker",
      "method": "reranker_gemma4_top5",
      "status": "completed",
      "n_cases": 1122,
      "id_correct_mrr": 0.35803624480095064,
      "id_correct_found": 0.4385026737967914,
      "id_correct_hit_1": 0.3057040998217469,
      "id_correct_hit_3": 0.4055258467023173,
      "id_correct_hit_5": 0.4385026737967914,
      "id_correct_hit_10": 0.4385026737967914,
      "id_and_name_correct_mrr": 0.0,
      "id_and_name_correct_found": 0.0,
      "id_and_name_correct_hit_1": 0.0,
      "id_and_name_correct_hit_3": 0.0,
      "id_and_name_correct_hit_5": 0.0,
      "id_and_name_correct_hit_10": 0.0,
      "id_or_name_correct_mrr": 0.35803624480095064,
      "id_or_name_correct_found": 0.4385026737967914,
      "id_or_name_correct_hit_1": 0.3057040998217469,
      "id_or_name_correct_hit_3": 0.4055258467023173,
      "id_or_name_correct_hit_5": 0.4385026737967914,
      "id_or_name_correct_hit_10": 0.4385026737967914
    },
    {
      "stage": "reranker",
      "method": "reranker_gemma4_top10",
      "status": "completed",
      "n_cases": 1122,
      "id_correct_mrr": 0.3789933650227768,
      "id_correct_found": 0.5106951871657754,
      "id_correct_hit_1": 0.31283422459893045,
      "id_correct_hit_3": 0.42602495543672014,
      "id_correct_hit_5": 0.4679144385026738,
      "id_correct_hit_10": 0.5106951871657754,
      "id_and_name_correct_mrr": 0.0,
      "id_and_name_correct_found": 0.0,
      "id_and_name_correct_hit_1": 0.0,
      "id_and_name_correct_hit_3": 0.0,
      "id_and_name_correct_hit_5": 0.0,
      "id_and_name_correct_hit_10": 0.0,
      "id_or_name_correct_mrr": 0.3789933650227768,
      "id_or_name_correct_found": 0.5106951871657754,
      "id_or_name_correct_hit_1": 0.31283422459893045,
      "id_or_name_correct_hit_3": 0.42602495543672014,
      "id_or_name_correct_hit_5": 0.4679144385026738,
      "id_or_name_correct_hit_10": 0.5106951871657754
    }
  ]
}
