{
  "rows": [
    {
      "stage": "retriever",
      "method": "retriever_phenodp_top50",
      "status": "completed",
      "n_cases": 1122,
      "id_correct_mrr": 0.3439991943184017,
      "id_correct_found": 0.661319073083779,
      "id_correct_hit_1": 0.25846702317290554,
      "id_correct_hit_3": 0.38235294117647056,
      "id_correct_hit_5": 0.4385026737967914,
      "id_correct_hit_10": 0.5106951871657754,
      "id_and_name_correct_mrr": 0.0,
      "id_and_name_correct_found": 0.0,
      "id_and_name_correct_hit_1": 0.0,
      "id_and_name_correct_hit_3": 0.0,
      "id_and_name_correct_hit_5": 0.0,
      "id_and_name_correct_hit_10": 0.0,
      "id_or_name_correct_mrr": 0.3439991943184017,
      "id_or_name_correct_found": 0.661319073083779,
      "id_or_name_correct_hit_1": 0.25846702317290554,
      "id_or_name_correct_hit_3": 0.38235294117647056,
      "id_or_name_correct_hit_5": 0.4385026737967914,
      "id_or_name_correct_hit_10": 0.5106951871657754
    },
    {
      "stage": "reranker",
      "method": "reranker_gemma3_top3",
      "status": "completed",
      "n_cases": 1122,
      "id_correct_mrr": 0.3285799168152109,
      "id_correct_found": 0.38235294117647056,
      "id_correct_hit_1": 0.28520499108734404,
      "id_correct_hit_3": 0.38235294117647056,
      "id_correct_hit_5": 0.38235294117647056,
      "id_correct_hit_10": 0.38235294117647056,
      "id_and_name_correct_mrr": 0.0,
      "id_and_name_correct_found": 0.0,
      "id_and_name_correct_hit_1": 0.0,
      "id_and_name_correct_hit_3": 0.0,
      "id_and_name_correct_hit_5": 0.0,
      "id_and_name_correct_hit_10": 0.0,
      "id_or_name_correct_mrr": 0.3285799168152109,
      "id_or_name_correct_found": 0.38235294117647056,
      "id_or_name_correct_hit_1": 0.28520499108734404,
      "id_or_name_correct_hit_3": 0.38235294117647056,
      "id_or_name_correct_hit_5": 0.38235294117647056,
      "id_or_name_correct_hit_10": 0.38235294117647056
    },
    {
      "stage": "reranker",
      "method": "reranker_gemma3_top5",
      "status": "completed",
      "n_cases": 1122,
      "id_correct_mrr": 0.34838086749851455,
      "id_correct_found": 0.4385026737967914,
      "id_correct_hit_1": 0.2905525846702317,
      "id_correct_hit_3": 0.4019607843137255,
      "id_correct_hit_5": 0.4385026737967914,
      "id_correct_hit_10": 0.4385026737967914,
      "id_and_name_correct_mrr": 0.0,
      "id_and_name_correct_found": 0.0,
      "id_and_name_correct_hit_1": 0.0,
      "id_and_name_correct_hit_3": 0.0,
      "id_and_name_correct_hit_5": 0.0,
      "id_and_name_correct_hit_10": 0.0,
      "id_or_name_correct_mrr": 0.34838086749851455,
      "id_or_name_correct_found": 0.4385026737967914,
      "id_or_name_correct_hit_1": 0.2905525846702317,
      "id_or_name_correct_hit_3": 0.4019607843137255,
      "id_or_name_correct_hit_5": 0.4385026737967914,
      "id_or_name_correct_hit_10": 0.4385026737967914
    },
    {
      "stage": "reranker",
      "method": "reranker_gemma3_top10",
      "status": "completed",
      "n_cases": 1122,
      "id_correct_mrr": 0.3787390713861302,
      "id_correct_found": 0.5106951871657754,
      "id_correct_hit_1": 0.31016042780748665,
      "id_correct_hit_3": 0.4295900178253119,
      "id_correct_hit_5": 0.47950089126559714,
      "id_correct_hit_10": 0.5106951871657754,
      "id_and_name_correct_mrr": 0.0,
      "id_and_name_correct_found": 0.0,
      "id_and_name_correct_hit_1": 0.0,
      "id_and_name_correct_hit_3": 0.0,
      "id_and_name_correct_hit_5": 0.0,
      "id_and_name_correct_hit_10": 0.0,
      "id_or_name_correct_mrr": 0.3787390713861302,
      "id_or_name_correct_found": 0.5106951871657754,
      "id_or_name_correct_hit_1": 0.31016042780748665,
      "id_or_name_correct_hit_3": 0.4295900178253119,
      "id_or_name_correct_hit_5": 0.47950089126559714,
      "id_or_name_correct_hit_10": 0.5106951871657754
    }
  ]
}
