{
  "rows": [
    {
      "stage": "retriever",
      "method": "retriever_phenodp_top50",
      "status": "completed",
      "n_cases": 1122,
      "id_correct_mrr": 0.3439991943184017,
      "id_correct_found": 0.661319073083779,
      "id_correct_hit_1": 0.25846702317290554,
      "id_correct_hit_3": 0.38235294117647056,
      "id_correct_hit_5": 0.4385026737967914,
      "id_correct_hit_10": 0.5106951871657754,
      "id_and_name_correct_mrr": 0.0,
      "id_and_name_correct_found": 0.0,
      "id_and_name_correct_hit_1": 0.0,
      "id_and_name_correct_hit_3": 0.0,
      "id_and_name_correct_hit_5": 0.0,
      "id_and_name_correct_hit_10": 0.0,
      "id_or_name_correct_mrr": 0.3439991943184017,
      "id_or_name_correct_found": 0.661319073083779,
      "id_or_name_correct_hit_1": 0.25846702317290554,
      "id_or_name_correct_hit_3": 0.38235294117647056,
      "id_or_name_correct_hit_5": 0.4385026737967914,
      "id_or_name_correct_hit_10": 0.5106951871657754
    },
    {
      "stage": "reranker",
      "method": "reranker_gemma3_top3",
      "status": "completed",
      "n_cases": 1122,
      "id_correct_mrr": 0.31506238859180036,
      "id_correct_found": 0.3805704099821747,
      "id_correct_hit_1": 0.2611408199643494,
      "id_correct_hit_3": 0.3805704099821747,
      "id_correct_hit_5": 0.3805704099821747,
      "id_correct_hit_10": 0.3805704099821747,
      "id_and_name_correct_mrr": 0.0,
      "id_and_name_correct_found": 0.0,
      "id_and_name_correct_hit_1": 0.0,
      "id_and_name_correct_hit_3": 0.0,
      "id_and_name_correct_hit_5": 0.0,
      "id_and_name_correct_hit_10": 0.0,
      "id_or_name_correct_mrr": 0.31506238859180036,
      "id_or_name_correct_found": 0.3805704099821747,
      "id_or_name_correct_hit_1": 0.2611408199643494,
      "id_or_name_correct_hit_3": 0.3805704099821747,
      "id_or_name_correct_hit_5": 0.3805704099821747,
      "id_or_name_correct_hit_10": 0.3805704099821747
    },
    {
      "stage": "reranker",
      "method": "reranker_gemma3_top5",
      "status": "completed",
      "n_cases": 1122,
      "id_correct_mrr": 0.32957516339869286,
      "id_correct_found": 0.4385026737967914,
      "id_correct_hit_1": 0.26024955436720143,
      "id_correct_hit_3": 0.3948306595365419,
      "id_correct_hit_5": 0.4385026737967914,
      "id_correct_hit_10": 0.4385026737967914,
      "id_and_name_correct_mrr": 0.0,
      "id_and_name_correct_found": 0.0,
      "id_and_name_correct_hit_1": 0.0,
      "id_and_name_correct_hit_3": 0.0,
      "id_and_name_correct_hit_5": 0.0,
      "id_and_name_correct_hit_10": 0.0,
      "id_or_name_correct_mrr": 0.32957516339869286,
      "id_or_name_correct_found": 0.4385026737967914,
      "id_or_name_correct_hit_1": 0.26024955436720143,
      "id_or_name_correct_hit_3": 0.3948306595365419,
      "id_or_name_correct_hit_5": 0.4385026737967914,
      "id_or_name_correct_hit_10": 0.4385026737967914
    },
    {
      "stage": "reranker",
      "method": "reranker_gemma3_top10",
      "status": "completed",
      "n_cases": 1122,
      "id_correct_mrr": 0.34559141838553603,
      "id_correct_found": 0.5106951871657754,
      "id_correct_hit_1": 0.2700534759358289,
      "id_correct_hit_3": 0.3966131907308378,
      "id_correct_hit_5": 0.44295900178253117,
      "id_correct_hit_10": 0.5106951871657754,
      "id_and_name_correct_mrr": 0.0,
      "id_and_name_correct_found": 0.0,
      "id_and_name_correct_hit_1": 0.0,
      "id_and_name_correct_hit_3": 0.0,
      "id_and_name_correct_hit_5": 0.0,
      "id_and_name_correct_hit_10": 0.0,
      "id_or_name_correct_mrr": 0.34559141838553603,
      "id_or_name_correct_found": 0.5106951871657754,
      "id_or_name_correct_hit_1": 0.2700534759358289,
      "id_or_name_correct_hit_3": 0.3966131907308378,
      "id_or_name_correct_hit_5": 0.44295900178253117,
      "id_or_name_correct_hit_10": 0.5106951871657754
    }
  ]
}
