{
  "rows": [
    {
      "stage": "retriever",
      "method": "retriever_phenodp_top50",
      "status": "completed",
      "n_cases": 1122,
      "id_correct_mrr": 0.3439991943184017,
      "id_correct_found": 0.661319073083779,
      "id_correct_hit_1": 0.25846702317290554,
      "id_correct_hit_3": 0.38235294117647056,
      "id_correct_hit_5": 0.4385026737967914,
      "id_correct_hit_10": 0.5106951871657754,
      "id_and_name_correct_mrr": 0.0,
      "id_and_name_correct_found": 0.0,
      "id_and_name_correct_hit_1": 0.0,
      "id_and_name_correct_hit_3": 0.0,
      "id_and_name_correct_hit_5": 0.0,
      "id_and_name_correct_hit_10": 0.0,
      "id_or_name_correct_mrr": 0.3439991943184017,
      "id_or_name_correct_found": 0.661319073083779,
      "id_or_name_correct_hit_1": 0.25846702317290554,
      "id_or_name_correct_hit_3": 0.38235294117647056,
      "id_or_name_correct_hit_5": 0.4385026737967914,
      "id_or_name_correct_hit_10": 0.5106951871657754
    },
    {
      "stage": "reranker",
      "method": "reranker_llama70b_top3",
      "status": "completed",
      "n_cases": 1122,
      "id_correct_mrr": 0.3135769459298871,
      "id_correct_found": 0.38235294117647056,
      "id_correct_hit_1": 0.25935828877005346,
      "id_correct_hit_3": 0.38235294117647056,
      "id_correct_hit_5": 0.38235294117647056,
      "id_correct_hit_10": 0.38235294117647056,
      "id_and_name_correct_mrr": 0.0,
      "id_and_name_correct_found": 0.0,
      "id_and_name_correct_hit_1": 0.0,
      "id_and_name_correct_hit_3": 0.0,
      "id_and_name_correct_hit_5": 0.0,
      "id_and_name_correct_hit_10": 0.0,
      "id_or_name_correct_mrr": 0.3135769459298871,
      "id_or_name_correct_found": 0.38235294117647056,
      "id_or_name_correct_hit_1": 0.25935828877005346,
      "id_or_name_correct_hit_3": 0.38235294117647056,
      "id_or_name_correct_hit_5": 0.38235294117647056,
      "id_or_name_correct_hit_10": 0.38235294117647056
    },
    {
      "stage": "reranker",
      "method": "reranker_llama70b_top5",
      "status": "completed",
      "n_cases": 1122,
      "id_correct_mrr": 0.3259209744503862,
      "id_correct_found": 0.4385026737967914,
      "id_correct_hit_1": 0.25846702317290554,
      "id_correct_hit_3": 0.38235294117647056,
      "id_correct_hit_5": 0.4385026737967914,
      "id_correct_hit_10": 0.4385026737967914,
      "id_and_name_correct_mrr": 0.0,
      "id_and_name_correct_found": 0.0,
      "id_and_name_correct_hit_1": 0.0,
      "id_and_name_correct_hit_3": 0.0,
      "id_and_name_correct_hit_5": 0.0,
      "id_and_name_correct_hit_10": 0.0,
      "id_or_name_correct_mrr": 0.3259209744503862,
      "id_or_name_correct_found": 0.4385026737967914,
      "id_or_name_correct_hit_1": 0.25846702317290554,
      "id_or_name_correct_hit_3": 0.38235294117647056,
      "id_or_name_correct_hit_5": 0.4385026737967914,
      "id_or_name_correct_hit_10": 0.4385026737967914
    },
    {
      "stage": "reranker",
      "method": "reranker_llama70b_top10",
      "status": "completed",
      "n_cases": 1122,
      "id_correct_mrr": 0.33587662337662333,
      "id_correct_found": 0.5106951871657754,
      "id_correct_hit_1": 0.25846702317290554,
      "id_correct_hit_3": 0.38235294117647056,
      "id_correct_hit_5": 0.4393939393939394,
      "id_correct_hit_10": 0.5106951871657754,
      "id_and_name_correct_mrr": 0.0,
      "id_and_name_correct_found": 0.0,
      "id_and_name_correct_hit_1": 0.0,
      "id_and_name_correct_hit_3": 0.0,
      "id_and_name_correct_hit_5": 0.0,
      "id_and_name_correct_hit_10": 0.0,
      "id_or_name_correct_mrr": 0.33587662337662333,
      "id_or_name_correct_found": 0.5106951871657754,
      "id_or_name_correct_hit_1": 0.25846702317290554,
      "id_or_name_correct_hit_3": 0.38235294117647056,
      "id_or_name_correct_hit_5": 0.4393939393939394,
      "id_or_name_correct_hit_10": 0.5106951871657754
    }
  ]
}
