{
  "rows": [
    {
      "stage": "retriever",
      "method": "retriever_phenodp_top50",
      "status": "completed",
      "n_cases": 1122,
      "id_correct_mrr": 0.3439991943184017,
      "id_correct_found": 0.661319073083779,
      "id_correct_hit_1": 0.25846702317290554,
      "id_correct_hit_3": 0.38235294117647056,
      "id_correct_hit_5": 0.4385026737967914,
      "id_correct_hit_10": 0.5106951871657754,
      "id_and_name_correct_mrr": 0.0,
      "id_and_name_correct_found": 0.0,
      "id_and_name_correct_hit_1": 0.0,
      "id_and_name_correct_hit_3": 0.0,
      "id_and_name_correct_hit_5": 0.0,
      "id_and_name_correct_hit_10": 0.0,
      "id_or_name_correct_mrr": 0.3439991943184017,
      "id_or_name_correct_found": 0.661319073083779,
      "id_or_name_correct_hit_1": 0.25846702317290554,
      "id_or_name_correct_hit_3": 0.38235294117647056,
      "id_or_name_correct_hit_5": 0.4385026737967914,
      "id_or_name_correct_hit_10": 0.5106951871657754
    },
    {
      "stage": "reranker",
      "method": "reranker_llama70b_top3",
      "status": "completed",
      "n_cases": 1122,
      "id_correct_mrr": 0.3382352941176471,
      "id_correct_found": 0.38235294117647056,
      "id_correct_hit_1": 0.30392156862745096,
      "id_correct_hit_3": 0.38235294117647056,
      "id_correct_hit_5": 0.38235294117647056,
      "id_correct_hit_10": 0.38235294117647056,
      "id_and_name_correct_mrr": 0.0,
      "id_and_name_correct_found": 0.0,
      "id_and_name_correct_hit_1": 0.0,
      "id_and_name_correct_hit_3": 0.0,
      "id_and_name_correct_hit_5": 0.0,
      "id_and_name_correct_hit_10": 0.0,
      "id_or_name_correct_mrr": 0.3382352941176471,
      "id_or_name_correct_found": 0.38235294117647056,
      "id_or_name_correct_hit_1": 0.30392156862745096,
      "id_or_name_correct_hit_3": 0.38235294117647056,
      "id_or_name_correct_hit_5": 0.38235294117647056,
      "id_or_name_correct_hit_10": 0.38235294117647056
    },
    {
      "stage": "reranker",
      "method": "reranker_llama70b_top5",
      "status": "completed",
      "n_cases": 1122,
      "id_correct_mrr": 0.36088829471182415,
      "id_correct_found": 0.4385026737967914,
      "id_correct_hit_1": 0.3146167557932264,
      "id_correct_hit_3": 0.4001782531194296,
      "id_correct_hit_5": 0.4385026737967914,
      "id_correct_hit_10": 0.4385026737967914,
      "id_and_name_correct_mrr": 0.0,
      "id_and_name_correct_found": 0.0,
      "id_and_name_correct_hit_1": 0.0,
      "id_and_name_correct_hit_3": 0.0,
      "id_and_name_correct_hit_5": 0.0,
      "id_and_name_correct_hit_10": 0.0,
      "id_or_name_correct_mrr": 0.36088829471182415,
      "id_or_name_correct_found": 0.4385026737967914,
      "id_or_name_correct_hit_1": 0.3146167557932264,
      "id_or_name_correct_hit_3": 0.4001782531194296,
      "id_or_name_correct_hit_5": 0.4385026737967914,
      "id_or_name_correct_hit_10": 0.4385026737967914
    },
    {
      "stage": "reranker",
      "method": "reranker_llama70b_top10",
      "status": "completed",
      "n_cases": 1122,
      "id_correct_mrr": 0.3941685765215177,
      "id_correct_found": 0.5106951871657754,
      "id_correct_hit_1": 0.3360071301247772,
      "id_correct_hit_3": 0.4358288770053476,
      "id_correct_hit_5": 0.47950089126559714,
      "id_correct_hit_10": 0.5106951871657754,
      "id_and_name_correct_mrr": 0.0,
      "id_and_name_correct_found": 0.0,
      "id_and_name_correct_hit_1": 0.0,
      "id_and_name_correct_hit_3": 0.0,
      "id_and_name_correct_hit_5": 0.0,
      "id_and_name_correct_hit_10": 0.0,
      "id_or_name_correct_mrr": 0.3941685765215177,
      "id_or_name_correct_found": 0.5106951871657754,
      "id_or_name_correct_hit_1": 0.3360071301247772,
      "id_or_name_correct_hit_3": 0.4358288770053476,
      "id_or_name_correct_hit_5": 0.47950089126559714,
      "id_or_name_correct_hit_10": 0.5106951871657754
    }
  ]
}
