{
  "n_cases": 6898,
  "n_errors": 0,
  "error_rate": 0.0,
  "mrr_id": 0.13308637779861324,
  "mrr_name": 0.12228252160841317,
  "mrr_id_or_name": 0.13308637779861324,
  "mrr_mondo": 0.0,
  "recall_at_1_id": 0.10539286749782546,
  "recall_at_3_id": 0.15062336909249058,
  "recall_at_5_id": 0.17077413743113945,
  "recall_at_10_id": 0.19483908379240358,
  "recall_at_1_name": 0.09770948100898812,
  "recall_at_3_name": 0.13685126123514063,
  "recall_at_5_name": 0.15540736445346479,
  "recall_at_10_name": 0.17932734125833574,
  "recall_at_1_id_or_name": 0.10539286749782546,
  "recall_at_3_id_or_name": 0.15062336909249058,
  "recall_at_5_id_or_name": 0.17077413743113945,
  "recall_at_10_id_or_name": 0.19483908379240358,
  "recall_at_1_mondo": 0.0,
  "recall_at_3_mondo": 0.0,
  "recall_at_5_mondo": 0.0,
  "recall_at_10_mondo": 0.0,
  "found_rate_id": 0.1951290229051899,
  "found_rate_name": 0.17961728037112207,
  "found_rate_id_or_name": 0.1951290229051899,
  "found_rate_mondo": 0.0,
  "mean_rank_id": 2.4955423476968797,
  "mean_rank_name": 2.54317998385795,
  "mean_rank_id_or_name": 2.4955423476968797,
  "mean_rank_mondo": 0.0,
  "n_fuzzy_auto_correct": 11386,
  "n_fuzzy_review": 15656,
  "n_fuzzy_rejected": 40839
}