{
  "rows": [
    {
      "stage": "reranker",
      "method": "reranker_gemma3_top3",
      "status": "completed",
      "n_cases": 3451,
      "id_correct_mrr": 0.6446923597025017,
      "id_correct_found": 0.729064039408867,
      "id_correct_hit_1": 0.5766444508838018,
      "id_correct_hit_3": 0.729064039408867,
      "id_correct_hit_5": 0.729064039408867,
      "id_correct_hit_10": 0.729064039408867,
      "id_and_name_correct_mrr": 0.6383656911040279,
      "id_and_name_correct_found": 0.7223993045494059,
      "id_and_name_correct_hit_1": 0.570559258186033,
      "id_and_name_correct_hit_3": 0.7223993045494059,
      "id_and_name_correct_hit_5": 0.7223993045494059,
      "id_and_name_correct_hit_10": 0.7223993045494059,
      "id_or_name_correct_mrr": 0.6994107988022795,
      "id_or_name_correct_found": 0.7838307736887858,
      "id_or_name_correct_hit_1": 0.6325702694871052,
      "id_or_name_correct_hit_3": 0.7838307736887858,
      "id_or_name_correct_hit_5": 0.7838307736887858,
      "id_or_name_correct_hit_10": 0.7838307736887858
    },
    {
      "stage": "reranker",
      "method": "reranker_gemma3_top5",
      "status": "completed",
      "n_cases": 3451,
      "id_correct_mrr": 0.6548295180141022,
      "id_correct_found": 0.7728194726166329,
      "id_correct_hit_1": 0.5766444508838018,
      "id_correct_hit_3": 0.729064039408867,
      "id_correct_hit_5": 0.7728194726166329,
      "id_correct_hit_10": 0.7728194726166329,
      "id_and_name_correct_mrr": 0.6480537042403168,
      "id_and_name_correct_found": 0.7641263401912489,
      "id_and_name_correct_hit_1": 0.570559258186033,
      "id_and_name_correct_hit_3": 0.7223993045494059,
      "id_and_name_correct_hit_5": 0.7641263401912489,
      "id_and_name_correct_hit_10": 0.7641263401912489,
      "id_or_name_correct_mrr": 0.7087076209794263,
      "id_or_name_correct_found": 0.8241089539263982,
      "id_or_name_correct_hit_1": 0.6325702694871052,
      "id_or_name_correct_hit_3": 0.7838307736887858,
      "id_or_name_correct_hit_5": 0.8241089539263982,
      "id_or_name_correct_hit_10": 0.8241089539263982
    },
    {
      "stage": "reranker",
      "method": "reranker_gemma3_top10",
      "status": "completed",
      "n_cases": 3451,
      "id_correct_mrr": 0.6612840538514256,
      "id_correct_found": 0.8107794842074761,
      "id_correct_hit_1": 0.579252390611417,
      "id_correct_hit_3": 0.729064039408867,
      "id_correct_hit_5": 0.7728194726166329,
      "id_correct_hit_10": 0.8107794842074761,
      "id_and_name_correct_mrr": 0.6541969661427789,
      "id_and_name_correct_found": 0.799768183135323,
      "id_and_name_correct_hit_1": 0.5731671979136482,
      "id_and_name_correct_hit_3": 0.7223993045494059,
      "id_and_name_correct_hit_5": 0.7641263401912489,
      "id_and_name_correct_hit_10": 0.799768183135323,
      "id_or_name_correct_mrr": 0.7154215709272214,
      "id_or_name_correct_found": 0.8649666763257027,
      "id_or_name_correct_hit_1": 0.6348884381338742,
      "id_or_name_correct_hit_3": 0.7838307736887858,
      "id_or_name_correct_hit_5": 0.8241089539263982,
      "id_or_name_correct_hit_10": 0.8649666763257027
    }
  ]
}
