{
  "rows": [
    {
      "stage": "reranker",
      "method": "reranker_gemma3_top3",
      "status": "completed",
      "n_cases": 6901,
      "id_correct_mrr": 0.5651354876104913,
      "id_correct_found": 0.6326619330531807,
      "id_correct_hit_1": 0.5118098826257064,
      "id_correct_hit_3": 0.6326619330531807,
      "id_correct_hit_5": 0.6326619330531807,
      "id_correct_hit_10": 0.6326619330531807,
      "id_and_name_correct_mrr": 0.5599188523402405,
      "id_and_name_correct_found": 0.6267207651065063,
      "id_and_name_correct_hit_1": 0.5071728734965947,
      "id_and_name_correct_hit_3": 0.6267207651065063,
      "id_and_name_correct_hit_5": 0.6267207651065063,
      "id_and_name_correct_hit_10": 0.6267207651065063,
      "id_or_name_correct_mrr": 0.6396174467468483,
      "id_or_name_correct_found": 0.721054919576873,
      "id_or_name_correct_hit_1": 0.5748442254745689,
      "id_or_name_correct_hit_3": 0.721054919576873,
      "id_or_name_correct_hit_5": 0.721054919576873,
      "id_or_name_correct_hit_10": 0.721054919576873
    },
    {
      "stage": "reranker",
      "method": "reranker_gemma3_top5",
      "status": "completed",
      "n_cases": 6901,
      "id_correct_mrr": 0.5742211273728445,
      "id_correct_found": 0.6719316041153456,
      "id_correct_hit_1": 0.5118098826257064,
      "id_correct_hit_3": 0.6326619330531807,
      "id_correct_hit_5": 0.6719316041153456,
      "id_correct_hit_10": 0.6719316041153456,
      "id_and_name_correct_mrr": 0.5685335458629184,
      "id_and_name_correct_found": 0.6639617446746848,
      "id_and_name_correct_hit_1": 0.5071728734965947,
      "id_and_name_correct_hit_3": 0.6267207651065063,
      "id_and_name_correct_hit_5": 0.6639617446746848,
      "id_and_name_correct_hit_10": 0.6639617446746848,
      "id_or_name_correct_mrr": 0.6503501907936048,
      "id_or_name_correct_found": 0.7677148239385596,
      "id_or_name_correct_hit_1": 0.5748442254745689,
      "id_or_name_correct_hit_3": 0.7209100130415882,
      "id_or_name_correct_hit_5": 0.7677148239385596,
      "id_or_name_correct_hit_10": 0.7677148239385596
    },
    {
      "stage": "reranker",
      "method": "reranker_gemma3_top10",
      "status": "completed",
      "n_cases": 6901,
      "id_correct_mrr": 0.559178218937674,
      "id_correct_found": 0.6935226778727721,
      "id_correct_hit_1": 0.49195768729169687,
      "id_correct_hit_3": 0.6107810462251848,
      "id_correct_hit_5": 0.6480220257933633,
      "id_correct_hit_10": 0.6935226778727721,
      "id_and_name_correct_mrr": 0.5531866787192102,
      "id_and_name_correct_found": 0.6830894073322706,
      "id_and_name_correct_hit_1": 0.4873206781625851,
      "id_and_name_correct_hit_3": 0.6048398782785104,
      "id_and_name_correct_hit_5": 0.6401970728879872,
      "id_and_name_correct_hit_10": 0.6830894073322706,
      "id_or_name_correct_mrr": 0.6336602355766244,
      "id_or_name_correct_found": 0.7897406173018403,
      "id_or_name_correct_hit_1": 0.552963338646573,
      "id_or_name_correct_hit_3": 0.6971453412548906,
      "id_or_name_correct_hit_5": 0.7425010867990146,
      "id_or_name_correct_hit_10": 0.7897406173018403
    }
  ]
}
