{
  "n_cases": 6898,
  "n_errors": 56,
  "error_rate": 0.008118295158016816,
  "mrr_id": 0.17065786006783398,
  "mrr_name": 0.1405289223678612,
  "mrr_id_or_name": 0.17065786006783398,
  "mrr_mondo": 0.0,
  "recall_at_1_id": 0.11539576688895332,
  "recall_at_3_id": 0.2104957958828646,
  "recall_at_5_id": 0.24093940272542766,
  "recall_at_10_id": 0.2776167004928965,
  "recall_at_1_name": 0.10466801971585966,
  "recall_at_3_name": 0.16830965497245579,
  "recall_at_5_name": 0.183241519280951,
  "recall_at_10_name": 0.2087561612061467,
  "recall_at_1_id_or_name": 0.11539576688895332,
  "recall_at_3_id_or_name": 0.2104957958828646,
  "recall_at_5_id_or_name": 0.24093940272542766,
  "recall_at_10_id_or_name": 0.2776167004928965,
  "recall_at_1_mondo": 0.0,
  "recall_at_3_mondo": 0.0,
  "recall_at_5_mondo": 0.0,
  "recall_at_10_mondo": 0.0,
  "found_rate_id": 0.2793563351696144,
  "found_rate_name": 0.21006088721368513,
  "found_rate_id_or_name": 0.2793563351696144,
  "found_rate_mondo": 0.0,
  "mean_rank_id": 2.7727036844836532,
  "mean_rank_name": 2.5327812284334024,
  "mean_rank_id_or_name": 2.7727036844836532,
  "mean_rank_mondo": 0.0,
  "n_fuzzy_auto_correct": 10010,
  "n_fuzzy_review": 11317,
  "n_fuzzy_rejected": 49868
}