{
  "n_cases": 624,
  "n_errors": 0,
  "error_rate": 0.0,
  "mrr_id": 0.3568515974765975,
  "mrr_name": 0.3448457214082214,
  "mrr_id_or_name": 0.3568515974765975,
  "mrr_mondo": 0.0,
  "recall_at_1_id": 0.2532051282051282,
  "recall_at_3_id": 0.4230769230769231,
  "recall_at_5_id": 0.5016025641025641,
  "recall_at_10_id": 0.5400641025641025,
  "recall_at_1_name": 0.2483974358974359,
  "recall_at_3_name": 0.40384615384615385,
  "recall_at_5_name": 0.47435897435897434,
  "recall_at_10_name": 0.5160256410256411,
  "recall_at_1_id_or_name": 0.2532051282051282,
  "recall_at_3_id_or_name": 0.4230769230769231,
  "recall_at_5_id_or_name": 0.5016025641025641,
  "recall_at_10_id_or_name": 0.5400641025641025,
  "recall_at_1_mondo": 0.0,
  "recall_at_3_mondo": 0.0,
  "recall_at_5_mondo": 0.0,
  "recall_at_10_mondo": 0.0,
  "found_rate_id": 0.5400641025641025,
  "found_rate_name": 0.5160256410256411,
  "found_rate_id_or_name": 0.5400641025641025,
  "found_rate_mondo": 0.0,
  "mean_rank_id": 2.2908011869436202,
  "mean_rank_name": 2.313664596273292,
  "mean_rank_id_or_name": 2.2908011869436202,
  "mean_rank_mondo": 0.0,
  "n_fuzzy_auto_correct": 1895,
  "n_fuzzy_review": 656,
  "n_fuzzy_rejected": 3663
}