,phenopacket_all,phenopacket_6901,RAMEDIS,LIRICAL,HMS,MME
phenopacket_all,1.0,0.9919833729216152,0.09411430196189935,0.366376969038566,0.07900614182021218,0.060011709601873534
phenopacket_6901,0.9919833729216152,1.0,0.09421534936998854,0.36721311475409835,0.07899915659263425,0.060489820005901446
RAMEDIS,0.09411430196189935,0.09421534936998854,1.0,0.13747346072186836,0.11529680365296803,0.09402985074626866
LIRICAL,0.366376969038566,0.36721311475409835,0.13747346072186836,1.0,0.09644670050761421,0.10051694428489374
HMS,0.07900614182021218,0.07899915659263425,0.11529680365296803,0.09644670050761421,1.0,0.02880658436213992
MME,0.060011709601873534,0.060489820005901446,0.09402985074626866,0.10051694428489374,0.02880658436213992,1.0
