,phenopacket_all,phenopacket_6901,RAMEDIS,LIRICAL,HMS,MME
phenopacket_all,1.0,0.9615384615384616,0.010401188707280832,0.33,0.006482982171799027,0.0
phenopacket_6901,0.9615384615384616,1.0,0.010719754977029096,0.3377386196769457,0.006700167504187605,0.0
RAMEDIS,0.010401188707280832,0.010719754977029096,1.0,0.02146690518783542,0.0,0.0
LIRICAL,0.33,0.3377386196769457,0.02146690518783542,1.0,0.013861386138613862,0.0
HMS,0.006482982171799027,0.006700167504187605,0.0,0.013861386138613862,1.0,0.0
MME,0.0,0.0,0.0,0.0,0.0,1.0
