{
  "rows": [
    {
      "stage": "reranker",
      "method": "reranker_gemma3_top3",
      "status": "completed",
      "n_cases": 509,
      "id_correct_mrr": 0.6817288801571709,
      "id_correct_found": 1.0,
      "id_correct_hit_1": 0.47347740667976423,
      "id_correct_hit_3": 1.0,
      "id_correct_hit_5": 1.0,
      "id_correct_hit_10": 1.0,
      "id_and_name_correct_mrr": 0.6781270464963982,
      "id_and_name_correct_found": 0.9941060903732809,
      "id_and_name_correct_hit_1": 0.4715127701375246,
      "id_and_name_correct_hit_3": 0.9941060903732809,
      "id_and_name_correct_hit_5": 0.9941060903732809,
      "id_and_name_correct_hit_10": 0.9941060903732809,
      "id_or_name_correct_mrr": 0.6905697445972495,
      "id_or_name_correct_found": 1.0,
      "id_or_name_correct_hit_1": 0.48526522593320237,
      "id_or_name_correct_hit_3": 1.0,
      "id_or_name_correct_hit_5": 1.0,
      "id_or_name_correct_hit_10": 1.0
    }
  ]
}
