{
  "rows": [
    {
      "stage": "reranker",
      "method": "reranker_gemma3_top3",
      "status": "completed",
      "n_cases": 509,
      "id_correct_mrr": 0.7115258677144729,
      "id_correct_found": 1.0,
      "id_correct_hit_1": 0.4577603143418468,
      "id_correct_hit_3": 1.0,
      "id_correct_hit_5": 1.0,
      "id_correct_hit_10": 1.0,
      "id_and_name_correct_mrr": 0.7066142763588736,
      "id_and_name_correct_found": 0.9941060903732809,
      "id_and_name_correct_hit_1": 0.4538310412573674,
      "id_and_name_correct_hit_3": 0.9941060903732809,
      "id_and_name_correct_hit_5": 0.9941060903732809,
      "id_and_name_correct_hit_10": 0.9941060903732809,
      "id_or_name_correct_mrr": 0.7177472167648985,
      "id_or_name_correct_found": 1.0,
      "id_or_name_correct_hit_1": 0.46954813359528486,
      "id_or_name_correct_hit_3": 1.0,
      "id_or_name_correct_hit_5": 1.0,
      "id_or_name_correct_hit_10": 1.0
    }
  ]
}
