{
  "rows": [
    {
      "stage": "reranker",
      "method": "reranker_gemma3_top3",
      "status": "completed",
      "n_cases": 509,
      "id_correct_mrr": 0.8621480026195154,
      "id_correct_found": 1.0,
      "id_correct_hit_1": 0.7288801571709234,
      "id_correct_hit_3": 1.0,
      "id_correct_hit_5": 1.0,
      "id_correct_hit_10": 1.0,
      "id_and_name_correct_mrr": 0.8562540929927963,
      "id_and_name_correct_found": 0.9941060903732809,
      "id_and_name_correct_hit_1": 0.7229862475442044,
      "id_and_name_correct_hit_3": 0.9941060903732809,
      "id_and_name_correct_hit_5": 0.9941060903732809,
      "id_and_name_correct_hit_10": 0.9941060903732809,
      "id_or_name_correct_mrr": 0.8660772757039947,
      "id_or_name_correct_found": 1.0,
      "id_or_name_correct_hit_1": 0.7367387033398821,
      "id_or_name_correct_hit_3": 1.0,
      "id_or_name_correct_hit_5": 1.0,
      "id_or_name_correct_hit_10": 1.0
    }
  ]
}
