{
  "n_cases": 370,
  "n_errors": 0,
  "error_rate": 0.0,
  "mrr_id": 0.1362022737022737,
  "mrr_name": 0.13586443586443586,
  "mrr_id_or_name": 0.1362022737022737,
  "mrr_mondo": 0.0,
  "recall_at_1_id": 0.10810810810810811,
  "recall_at_3_id": 0.15405405405405406,
  "recall_at_5_id": 0.17027027027027028,
  "recall_at_10_id": 0.21621621621621623,
  "recall_at_1_name": 0.10810810810810811,
  "recall_at_3_name": 0.15405405405405406,
  "recall_at_5_name": 0.17027027027027028,
  "recall_at_10_name": 0.21351351351351353,
  "recall_at_1_id_or_name": 0.10810810810810811,
  "recall_at_3_id_or_name": 0.15405405405405406,
  "recall_at_5_id_or_name": 0.17027027027027028,
  "recall_at_10_id_or_name": 0.21621621621621623,
  "recall_at_1_mondo": 0.0,
  "recall_at_3_mondo": 0.0,
  "recall_at_5_mondo": 0.0,
  "recall_at_10_mondo": 0.0,
  "found_rate_id": 0.21621621621621623,
  "found_rate_name": 0.21351351351351353,
  "found_rate_id_or_name": 0.21621621621621623,
  "found_rate_mondo": 0.0,
  "mean_rank_id": 3.075,
  "mean_rank_name": 3.0126582278481013,
  "mean_rank_id_or_name": 3.075,
  "mean_rank_mondo": 0.0,
  "n_fuzzy_auto_correct": 774,
  "n_fuzzy_review": 395,
  "n_fuzzy_rejected": 2507
}