{
  "n_cases": 68,
  "n_errors": 0,
  "error_rate": 0.0,
  "mrr_id": 0.08382352941176471,
  "mrr_name": 0.08382352941176471,
  "mrr_id_or_name": 0.08382352941176471,
  "mrr_mondo": 0.0,
  "recall_at_1_id": 0.07352941176470588,
  "recall_at_3_id": 0.07352941176470588,
  "recall_at_5_id": 0.11764705882352941,
  "recall_at_10_id": 0.11764705882352941,
  "recall_at_1_name": 0.07352941176470588,
  "recall_at_3_name": 0.07352941176470588,
  "recall_at_5_name": 0.11764705882352941,
  "recall_at_10_name": 0.11764705882352941,
  "recall_at_1_id_or_name": 0.07352941176470588,
  "recall_at_3_id_or_name": 0.07352941176470588,
  "recall_at_5_id_or_name": 0.11764705882352941,
  "recall_at_10_id_or_name": 0.11764705882352941,
  "recall_at_1_mondo": 0.0,
  "recall_at_3_mondo": 0.0,
  "recall_at_5_mondo": 0.0,
  "recall_at_10_mondo": 0.0,
  "found_rate_id": 0.11764705882352941,
  "found_rate_name": 0.11764705882352941,
  "found_rate_id_or_name": 0.11764705882352941,
  "found_rate_mondo": 0.0,
  "mean_rank_id": 2.25,
  "mean_rank_name": 2.25,
  "mean_rank_id_or_name": 2.25,
  "mean_rank_mondo": 0.0,
  "n_fuzzy_auto_correct": 18,
  "n_fuzzy_review": 37,
  "n_fuzzy_rejected": 228
}