{
  "rows": [
    {
      "stage": "reranker",
      "method": "reranker_gemma4_top3",
      "status": "completed",
      "n_cases": 6901,
      "id_correct_mrr": 0.5783461334106168,
      "id_correct_found": 0.6326619330531807,
      "id_correct_hit_1": 0.5348500217359803,
      "id_correct_hit_3": 0.6326619330531807,
      "id_correct_hit_5": 0.6326619330531807,
      "id_correct_hit_10": 0.6326619330531807,
      "id_and_name_correct_mrr": 0.5729604405158673,
      "id_and_name_correct_found": 0.6267207651065063,
      "id_and_name_correct_hit_1": 0.5299231995362991,
      "id_and_name_correct_hit_3": 0.6267207651065063,
      "id_and_name_correct_hit_5": 0.6267207651065063,
      "id_and_name_correct_hit_10": 0.6267207651065063,
      "id_or_name_correct_mrr": 0.6556779210742404,
      "id_or_name_correct_found": 0.721054919576873,
      "id_or_name_correct_hit_1": 0.6032459063903782,
      "id_or_name_correct_hit_3": 0.721054919576873,
      "id_or_name_correct_hit_5": 0.721054919576873,
      "id_or_name_correct_hit_10": 0.721054919576873
    },
    {
      "stage": "reranker",
      "method": "reranker_gemma4_top5",
      "status": "completed",
      "n_cases": 6901,
      "id_correct_mrr": 0.590119789402502,
      "id_correct_found": 0.6719316041153456,
      "id_correct_hit_1": 0.5374583393711057,
      "id_correct_hit_3": 0.6391827271409941,
      "id_correct_hit_5": 0.6719316041153456,
      "id_correct_hit_10": 0.6719316041153456,
      "id_and_name_correct_mrr": 0.5840530357919143,
      "id_and_name_correct_found": 0.6639617446746848,
      "id_and_name_correct_hit_1": 0.5322417041008549,
      "id_and_name_correct_hit_3": 0.6329517461237502,
      "id_and_name_correct_hit_5": 0.6639617446746848,
      "id_and_name_correct_hit_10": 0.6639617446746848,
      "id_or_name_correct_mrr": 0.6688185287156451,
      "id_or_name_correct_found": 0.7677148239385596,
      "id_or_name_correct_hit_1": 0.6055644109549341,
      "id_or_name_correct_hit_3": 0.7269960875235473,
      "id_or_name_correct_hit_5": 0.7677148239385596,
      "id_or_name_correct_hit_10": 0.7677148239385596
    },
    {
      "stage": "reranker",
      "method": "reranker_gemma4_top10",
      "status": "completed",
      "n_cases": 6901,
      "id_correct_mrr": 0.600836777738676,
      "id_correct_found": 0.7191711346181713,
      "id_correct_hit_1": 0.5429647877119258,
      "id_correct_hit_3": 0.6425155774525431,
      "id_correct_hit_5": 0.6756991740327489,
      "id_correct_hit_10": 0.7191711346181713,
      "id_and_name_correct_mrr": 0.5937956426834851,
      "id_and_name_correct_found": 0.7085929575423852,
      "id_and_name_correct_hit_1": 0.5370236197652514,
      "id_and_name_correct_hit_3": 0.6355600637588755,
      "id_and_name_correct_hit_5": 0.6668598753803796,
      "id_and_name_correct_hit_10": 0.7085929575423852,
      "id_or_name_correct_mrr": 0.6807764805192714,
      "id_or_name_correct_found": 0.8162585132589479,
      "id_or_name_correct_hit_1": 0.6125199246486016,
      "id_or_name_correct_hit_3": 0.7316330966526591,
      "id_or_name_correct_hit_5": 0.7722069265323867,
      "id_or_name_correct_hit_10": 0.8162585132589479
    }
  ]
}
