{
  "rows": [
    {
      "stage": "reranker",
      "method": "reranker_gemma3_top3",
      "status": "completed",
      "n_cases": 6901,
      "id_correct_mrr": 0.5592667729314592,
      "id_correct_found": 0.6326619330531807,
      "id_correct_hit_1": 0.5012317055499202,
      "id_correct_hit_3": 0.6326619330531807,
      "id_correct_hit_5": 0.6326619330531807,
      "id_correct_hit_10": 0.6326619330531807,
      "id_and_name_correct_mrr": 0.5542191952857074,
      "id_and_name_correct_found": 0.6267207651065063,
      "id_and_name_correct_hit_1": 0.4968845094913781,
      "id_and_name_correct_hit_3": 0.6267207651065063,
      "id_and_name_correct_hit_5": 0.6267207651065063,
      "id_and_name_correct_hit_10": 0.6267207651065063,
      "id_or_name_correct_mrr": 0.6451238950876684,
      "id_or_name_correct_found": 0.721054919576873,
      "id_or_name_correct_hit_1": 0.5851325894797855,
      "id_or_name_correct_hit_3": 0.721054919576873,
      "id_or_name_correct_hit_5": 0.721054919576873,
      "id_or_name_correct_hit_10": 0.721054919576873
    },
    {
      "stage": "reranker",
      "method": "reranker_gemma3_top5",
      "status": "completed",
      "n_cases": 6901,
      "id_correct_mrr": 0.5651040911945129,
      "id_correct_found": 0.6719316041153456,
      "id_correct_hit_1": 0.49572525720910016,
      "id_correct_hit_3": 0.6315026807709028,
      "id_correct_hit_5": 0.6719316041153456,
      "id_correct_hit_10": 0.6719316041153456,
      "id_and_name_correct_mrr": 0.5593996039221368,
      "id_and_name_correct_found": 0.6639617446746848,
      "id_and_name_correct_hit_1": 0.4913780611505579,
      "id_and_name_correct_hit_3": 0.6245471670772352,
      "id_and_name_correct_hit_5": 0.6639617446746848,
      "id_and_name_correct_hit_10": 0.6639617446746848,
      "id_or_name_correct_mrr": 0.6583176351253441,
      "id_or_name_correct_found": 0.7677148239385596,
      "id_or_name_correct_hit_1": 0.5846978698739314,
      "id_or_name_correct_hit_3": 0.7275757136646863,
      "id_or_name_correct_hit_5": 0.7677148239385596,
      "id_or_name_correct_hit_10": 0.7677148239385596
    },
    {
      "stage": "reranker",
      "method": "reranker_gemma3_top10",
      "status": "completed",
      "n_cases": 6901,
      "id_correct_mrr": 0.5648568300430349,
      "id_correct_found": 0.7191711346181713,
      "id_correct_hit_1": 0.48761049123315464,
      "id_correct_hit_3": 0.6248369801478046,
      "id_correct_hit_5": 0.6729459498623388,
      "id_correct_hit_10": 0.7191711346181713,
      "id_and_name_correct_mrr": 0.5587177381699915,
      "id_and_name_correct_found": 0.7085929575423852,
      "id_and_name_correct_hit_1": 0.48311838863932766,
      "id_and_name_correct_hit_3": 0.6177365599188523,
      "id_and_name_correct_hit_5": 0.6645413708158238,
      "id_and_name_correct_hit_10": 0.7085929575423852,
      "id_or_name_correct_mrr": 0.6607654630223823,
      "id_or_name_correct_found": 0.8162585132589479,
      "id_or_name_correct_hit_1": 0.5780321692508332,
      "id_or_name_correct_hit_3": 0.7278655267352557,
      "id_or_name_correct_hit_5": 0.769163889291407,
      "id_or_name_correct_hit_10": 0.8162585132589479
    }
  ]
}
