{
  "rows": [
    {
      "stage": "reranker",
      "method": "reranker_gemma3_top3",
      "status": "completed",
      "n_cases": 6901,
      "id_correct_mrr": 0.5665120996956963,
      "id_correct_found": 0.6326619330531807,
      "id_correct_hit_1": 0.5134038545138385,
      "id_correct_hit_3": 0.6326619330531807,
      "id_correct_hit_5": 0.6326619330531807,
      "id_correct_hit_10": 0.6326619330531807,
      "id_and_name_correct_mrr": 0.5612954644254455,
      "id_and_name_correct_found": 0.6267207651065063,
      "id_and_name_correct_hit_1": 0.5087668453847268,
      "id_and_name_correct_hit_3": 0.6267207651065063,
      "id_and_name_correct_hit_5": 0.6267207651065063,
      "id_and_name_correct_hit_10": 0.6267207651065063,
      "id_or_name_correct_mrr": 0.6410906631889098,
      "id_or_name_correct_found": 0.721054919576873,
      "id_or_name_correct_hit_1": 0.5765831038979858,
      "id_or_name_correct_hit_3": 0.721054919576873,
      "id_or_name_correct_hit_5": 0.721054919576873,
      "id_or_name_correct_hit_10": 0.721054919576873
    },
    {
      "stage": "reranker",
      "method": "reranker_gemma3_top5",
      "status": "completed",
      "n_cases": 6901,
      "id_correct_mrr": 0.5767111046708207,
      "id_correct_found": 0.6719316041153456,
      "id_correct_hit_1": 0.5147080133314013,
      "id_correct_hit_3": 0.6368642225764382,
      "id_correct_hit_5": 0.6719316041153456,
      "id_correct_hit_10": 0.6719316041153456,
      "id_and_name_correct_mrr": 0.5710042022895233,
      "id_and_name_correct_found": 0.6639617446746848,
      "id_and_name_correct_hit_1": 0.5100710042022896,
      "id_and_name_correct_hit_3": 0.6307781480944791,
      "id_and_name_correct_hit_5": 0.6639617446746848,
      "id_and_name_correct_hit_10": 0.6639617446746848,
      "id_or_name_correct_mrr": 0.6535115683717335,
      "id_or_name_correct_found": 0.7677148239385596,
      "id_or_name_correct_hit_1": 0.578177075786118,
      "id_or_name_correct_hit_3": 0.728879872482249,
      "id_or_name_correct_hit_5": 0.7677148239385596,
      "id_or_name_correct_hit_10": 0.7677148239385596
    },
    {
      "stage": "reranker",
      "method": "reranker_gemma3_top10",
      "status": "completed",
      "n_cases": 6901,
      "id_correct_mrr": 0.5839605716217802,
      "id_correct_found": 0.7191711346181713,
      "id_correct_hit_1": 0.5161570786842486,
      "id_correct_hit_3": 0.6371540356470077,
      "id_correct_hit_5": 0.673960295609332,
      "id_correct_hit_10": 0.7191711346181713,
      "id_and_name_correct_mrr": 0.5778684018649242,
      "id_and_name_correct_found": 0.7085929575423852,
      "id_and_name_correct_hit_1": 0.511520069555137,
      "id_and_name_correct_hit_3": 0.6307781480944791,
      "id_and_name_correct_hit_5": 0.6657006230981017,
      "id_and_name_correct_hit_10": 0.7085929575423852,
      "id_or_name_correct_mrr": 0.6606117585903124,
      "id_or_name_correct_found": 0.8162585132589479,
      "id_or_name_correct_hit_1": 0.5797710476742501,
      "id_or_name_correct_hit_3": 0.7267062744529779,
      "id_or_name_correct_hit_5": 0.769163889291407,
      "id_or_name_correct_hit_10": 0.8162585132589479
    }
  ]
}
