{
  "rows": [
    {
      "stage": "reranker",
      "method": "reranker_gemma4_top3",
      "status": "completed",
      "n_cases": 6901,
      "id_correct_mrr": 0.5547022170699899,
      "id_correct_found": 0.6326619330531807,
      "id_correct_hit_1": 0.4936965657151138,
      "id_correct_hit_3": 0.6326619330531807,
      "id_correct_hit_5": 0.6326619330531807,
      "id_correct_hit_10": 0.6326619330531807,
      "id_and_name_correct_mrr": 0.549654639424238,
      "id_and_name_correct_found": 0.6267207651065063,
      "id_and_name_correct_hit_1": 0.4893493696565715,
      "id_and_name_correct_hit_3": 0.6267207651065063,
      "id_and_name_correct_hit_5": 0.6267207651065063,
      "id_and_name_correct_hit_10": 0.6267207651065063,
      "id_or_name_correct_mrr": 0.6336762788001739,
      "id_or_name_correct_found": 0.721054919576873,
      "id_or_name_correct_hit_1": 0.565280394145776,
      "id_or_name_correct_hit_3": 0.721054919576873,
      "id_or_name_correct_hit_5": 0.721054919576873,
      "id_or_name_correct_hit_10": 0.721054919576873
    },
    {
      "stage": "reranker",
      "method": "reranker_gemma4_top5",
      "status": "completed",
      "n_cases": 6901,
      "id_correct_mrr": 0.564442351350046,
      "id_correct_found": 0.6719316041153456,
      "id_correct_hit_1": 0.4992030140559339,
      "id_correct_hit_3": 0.6187509056658456,
      "id_correct_hit_5": 0.6719316041153456,
      "id_correct_hit_10": 0.6719316041153456,
      "id_and_name_correct_mrr": 0.5587137129884557,
      "id_and_name_correct_found": 0.6639617446746848,
      "id_and_name_correct_hit_1": 0.4945660049268222,
      "id_and_name_correct_hit_3": 0.6125199246486016,
      "id_and_name_correct_hit_5": 0.6639617446746848,
      "id_and_name_correct_hit_10": 0.6639617446746848,
      "id_or_name_correct_mrr": 0.6440226054195044,
      "id_or_name_correct_found": 0.7677148239385596,
      "id_or_name_correct_hit_1": 0.568033618316186,
      "id_or_name_correct_hit_3": 0.7075786117953919,
      "id_or_name_correct_hit_5": 0.7677148239385596,
      "id_or_name_correct_hit_10": 0.7677148239385596
    },
    {
      "stage": "reranker",
      "method": "reranker_gemma4_top10",
      "status": "completed",
      "n_cases": 6901,
      "id_correct_mrr": 0.5747925881457254,
      "id_correct_found": 0.7191711346181713,
      "id_correct_hit_1": 0.5068830604260253,
      "id_correct_hit_3": 0.6246920736125199,
      "id_correct_hit_5": 0.6593247355455731,
      "id_correct_hit_10": 0.7191711346181713,
      "id_and_name_correct_mrr": 0.5684195757228651,
      "id_and_name_correct_found": 0.7085929575423852,
      "id_and_name_correct_hit_1": 0.501956238226344,
      "id_and_name_correct_hit_3": 0.6177365599188523,
      "id_and_name_correct_hit_5": 0.6507752499637733,
      "id_and_name_correct_hit_10": 0.7085929575423852,
      "id_or_name_correct_mrr": 0.6521300685660923,
      "id_or_name_correct_found": 0.8162585132589479,
      "id_or_name_correct_hit_1": 0.5718011882335894,
      "id_or_name_correct_hit_3": 0.7123605274597884,
      "id_or_name_correct_hit_5": 0.7552528619040719,
      "id_or_name_correct_hit_10": 0.8162585132589479
    }
  ]
}
