{
  "rows": [
    {
      "stage": "reranker",
      "method": "reranker_llama70b_top3",
      "status": "completed",
      "n_cases": 6901,
      "id_correct_mrr": 0.5682026759406849,
      "id_correct_found": 0.6326619330531807,
      "id_correct_hit_1": 0.5180408636429503,
      "id_correct_hit_3": 0.6326619330531807,
      "id_correct_hit_5": 0.6326619330531807,
      "id_correct_hit_10": 0.6326619330531807,
      "id_and_name_correct_mrr": 0.5629860406704342,
      "id_and_name_correct_found": 0.6267207651065063,
      "id_and_name_correct_hit_1": 0.5134038545138385,
      "id_and_name_correct_hit_3": 0.6267207651065063,
      "id_and_name_correct_hit_5": 0.6267207651065063,
      "id_and_name_correct_hit_10": 0.6267207651065063,
      "id_or_name_correct_mrr": 0.6491812780756412,
      "id_or_name_correct_found": 0.721054919576873,
      "id_or_name_correct_hit_1": 0.5936820750615853,
      "id_or_name_correct_hit_3": 0.721054919576873,
      "id_or_name_correct_hit_5": 0.721054919576873,
      "id_or_name_correct_hit_10": 0.721054919576873
    },
    {
      "stage": "reranker",
      "method": "reranker_llama70b_top5",
      "status": "completed",
      "n_cases": 6901,
      "id_correct_mrr": 0.5727020238612761,
      "id_correct_found": 0.6719316041153456,
      "id_correct_hit_1": 0.5090566584552964,
      "id_correct_hit_3": 0.6315026807709028,
      "id_correct_hit_5": 0.6719316041153456,
      "id_correct_hit_10": 0.6719316041153456,
      "id_and_name_correct_mrr": 0.5667922523305802,
      "id_and_name_correct_found": 0.6639617446746848,
      "id_and_name_correct_hit_1": 0.5042747427908999,
      "id_and_name_correct_hit_3": 0.6244022605419505,
      "id_and_name_correct_hit_5": 0.6639617446746848,
      "id_and_name_correct_hit_10": 0.6639617446746848,
      "id_or_name_correct_mrr": 0.6547698401197894,
      "id_or_name_correct_found": 0.7677148239385596,
      "id_or_name_correct_hit_1": 0.5819446457035212,
      "id_or_name_correct_hit_3": 0.7216345457180119,
      "id_or_name_correct_hit_5": 0.7677148239385596,
      "id_or_name_correct_hit_10": 0.7677148239385596
    },
    {
      "stage": "reranker",
      "method": "reranker_llama70b_top10",
      "status": "completed",
      "n_cases": 6901,
      "id_correct_mrr": 0.5807110425680199,
      "id_correct_found": 0.7191711346181713,
      "id_correct_hit_1": 0.511520069555137,
      "id_correct_hit_3": 0.6316475873061875,
      "id_correct_hit_5": 0.6712070714389219,
      "id_correct_hit_10": 0.7191711346181713,
      "id_and_name_correct_mrr": 0.5742815625984732,
      "id_and_name_correct_found": 0.7085929575423852,
      "id_and_name_correct_hit_1": 0.5065932473554557,
      "id_and_name_correct_hit_3": 0.6245471670772352,
      "id_and_name_correct_hit_5": 0.6620779597159832,
      "id_and_name_correct_hit_10": 0.7085929575423852,
      "id_or_name_correct_mrr": 0.668729514701113,
      "id_or_name_correct_found": 0.8162585132589479,
      "id_or_name_correct_hit_1": 0.5931024489204463,
      "id_or_name_correct_hit_3": 0.7265613679176931,
      "id_or_name_correct_hit_5": 0.7681495435444139,
      "id_or_name_correct_hit_10": 0.8162585132589479
    }
  ]
}
