{
  "rows": [
    {
      "stage": "reranker",
      "method": "reranker_llama70b_top3",
      "status": "completed",
      "n_cases": 6901,
      "id_correct_mrr": 0.5718494904120176,
      "id_correct_found": 0.6326619330531807,
      "id_correct_hit_1": 0.5241269381249094,
      "id_correct_hit_3": 0.6326619330531807,
      "id_correct_hit_5": 0.6326619330531807,
      "id_correct_hit_10": 0.6326619330531807,
      "id_and_name_correct_mrr": 0.5666328551417669,
      "id_and_name_correct_found": 0.6267207651065063,
      "id_and_name_correct_hit_1": 0.5194899289957977,
      "id_and_name_correct_hit_3": 0.6267207651065063,
      "id_and_name_correct_hit_5": 0.6267207651065063,
      "id_and_name_correct_hit_10": 0.6267207651065063,
      "id_or_name_correct_mrr": 0.6473457952953677,
      "id_or_name_correct_found": 0.721054919576873,
      "id_or_name_correct_hit_1": 0.5890450659324735,
      "id_or_name_correct_hit_3": 0.721054919576873,
      "id_or_name_correct_hit_5": 0.721054919576873,
      "id_or_name_correct_hit_10": 0.721054919576873
    },
    {
      "stage": "reranker",
      "method": "reranker_llama70b_top5",
      "status": "completed",
      "n_cases": 6901,
      "id_correct_mrr": 0.5806501473216442,
      "id_correct_found": 0.6719316041153456,
      "id_correct_hit_1": 0.5229676858426315,
      "id_correct_hit_3": 0.6361396899000145,
      "id_correct_hit_5": 0.6719316041153456,
      "id_correct_hit_10": 0.6719316041153456,
      "id_and_name_correct_mrr": 0.5749698111384823,
      "id_and_name_correct_found": 0.6639617446746848,
      "id_and_name_correct_hit_1": 0.5183306767135197,
      "id_and_name_correct_hit_3": 0.6301985219533401,
      "id_and_name_correct_hit_5": 0.6639617446746848,
      "id_and_name_correct_hit_10": 0.6639617446746848,
      "id_or_name_correct_mrr": 0.6578273680142975,
      "id_or_name_correct_found": 0.7677148239385596,
      "id_or_name_correct_hit_1": 0.5878858136501957,
      "id_or_name_correct_hit_3": 0.7239530502825677,
      "id_or_name_correct_hit_5": 0.7677148239385596,
      "id_or_name_correct_hit_10": 0.7677148239385596
    },
    {
      "stage": "reranker",
      "method": "reranker_llama70b_top10",
      "status": "completed",
      "n_cases": 6901,
      "id_correct_mrr": 0.5893002624418361,
      "id_correct_found": 0.7191711346181713,
      "id_correct_hit_1": 0.5263005361541806,
      "id_correct_hit_3": 0.6368642225764382,
      "id_correct_hit_5": 0.6726561367917693,
      "id_correct_hit_10": 0.7191711346181713,
      "id_and_name_correct_mrr": 0.5832831910719174,
      "id_and_name_correct_found": 0.7085929575423852,
      "id_and_name_correct_hit_1": 0.5216635270250688,
      "id_and_name_correct_hit_3": 0.6309230546297638,
      "id_and_name_correct_hit_5": 0.6646862773511085,
      "id_and_name_correct_hit_10": 0.7085929575423852,
      "id_or_name_correct_mrr": 0.6669269234042455,
      "id_or_name_correct_found": 0.8162585132589479,
      "id_or_name_correct_hit_1": 0.5920881031734532,
      "id_or_name_correct_hit_3": 0.7239530502825677,
      "id_or_name_correct_hit_5": 0.7684393566149833,
      "id_or_name_correct_hit_10": 0.8162585132589479
    }
  ]
}
