{
  "n_cases": 6898,
  "n_errors": 3998,
  "error_rate": 0.5795882864598434,
  "mrr_id": 0.06352059718252817,
  "mrr_name": 0.05845511926622393,
  "mrr_id_or_name": 0.06352059718252817,
  "mrr_mondo": 0.0,
  "recall_at_1_id": 0.05044940562481879,
  "recall_at_3_id": 0.07291968686575818,
  "recall_at_5_id": 0.08060307335459553,
  "recall_at_10_id": 0.08683676427950131,
  "recall_at_1_name": 0.05044940562481879,
  "recall_at_3_name": 0.06349666570020296,
  "recall_at_5_name": 0.0691504783995361,
  "recall_at_10_name": 0.07538416932444186,
  "recall_at_1_id_or_name": 0.05044940562481879,
  "recall_at_3_id_or_name": 0.07291968686575818,
  "recall_at_5_id_or_name": 0.08060307335459553,
  "recall_at_10_id_or_name": 0.08683676427950131,
  "recall_at_1_mondo": 0.0,
  "recall_at_3_mondo": 0.0,
  "recall_at_5_mondo": 0.0,
  "recall_at_10_mondo": 0.0,
  "found_rate_id": 0.08683676427950131,
  "found_rate_name": 0.07538416932444186,
  "found_rate_id_or_name": 0.08683676427950131,
  "found_rate_mondo": 0.0,
  "mean_rank_id": 2.0601001669449084,
  "mean_rank_name": 2.003846153846154,
  "mean_rank_id_or_name": 2.0601001669449084,
  "mean_rank_mondo": 0.0,
  "n_fuzzy_auto_correct": 3023,
  "n_fuzzy_review": 4790,
  "n_fuzzy_rejected": 18761
}