{
  "n_cases": 370,
  "n_errors": 0,
  "error_rate": 0.0,
  "mrr_id": 0.09867438867438866,
  "mrr_name": 0.09813384813384814,
  "mrr_id_or_name": 0.09867438867438866,
  "mrr_mondo": 0.0,
  "recall_at_1_id": 0.07567567567567568,
  "recall_at_3_id": 0.12162162162162163,
  "recall_at_5_id": 0.12972972972972974,
  "recall_at_10_id": 0.14864864864864866,
  "recall_at_1_name": 0.07567567567567568,
  "recall_at_3_name": 0.12162162162162163,
  "recall_at_5_name": 0.12702702702702703,
  "recall_at_10_name": 0.14594594594594595,
  "recall_at_1_id_or_name": 0.07567567567567568,
  "recall_at_3_id_or_name": 0.12162162162162163,
  "recall_at_5_id_or_name": 0.12972972972972974,
  "recall_at_10_id_or_name": 0.14864864864864866,
  "recall_at_1_mondo": 0.0,
  "recall_at_3_mondo": 0.0,
  "recall_at_5_mondo": 0.0,
  "recall_at_10_mondo": 0.0,
  "found_rate_id": 0.14864864864864866,
  "found_rate_name": 0.14594594594594595,
  "found_rate_id_or_name": 0.14864864864864866,
  "found_rate_mondo": 0.0,
  "mean_rank_id": 2.581818181818182,
  "mean_rank_name": 2.537037037037037,
  "mean_rank_id_or_name": 2.581818181818182,
  "mean_rank_mondo": 0.0,
  "n_fuzzy_auto_correct": 432,
  "n_fuzzy_review": 499,
  "n_fuzzy_rejected": 1302
}