{
  "n_cases": 68,
  "n_errors": 0,
  "error_rate": 0.0,
  "mrr_id": 0.1386204481792717,
  "mrr_name": 0.13651960784313724,
  "mrr_id_or_name": 0.1386204481792717,
  "mrr_mondo": 0.0,
  "recall_at_1_id": 0.10294117647058823,
  "recall_at_3_id": 0.14705882352941177,
  "recall_at_5_id": 0.19117647058823528,
  "recall_at_10_id": 0.25,
  "recall_at_1_name": 0.10294117647058823,
  "recall_at_3_name": 0.14705882352941177,
  "recall_at_5_name": 0.19117647058823528,
  "recall_at_10_name": 0.23529411764705882,
  "recall_at_1_id_or_name": 0.10294117647058823,
  "recall_at_3_id_or_name": 0.14705882352941177,
  "recall_at_5_id_or_name": 0.19117647058823528,
  "recall_at_10_id_or_name": 0.25,
  "recall_at_1_mondo": 0.0,
  "recall_at_3_mondo": 0.0,
  "recall_at_5_mondo": 0.0,
  "recall_at_10_mondo": 0.0,
  "found_rate_id": 0.25,
  "found_rate_name": 0.23529411764705882,
  "found_rate_id_or_name": 0.25,
  "found_rate_mondo": 0.0,
  "mean_rank_id": 3.823529411764706,
  "mean_rank_name": 3.625,
  "mean_rank_id_or_name": 3.823529411764706,
  "mean_rank_mondo": 0.0,
  "n_fuzzy_auto_correct": 88,
  "n_fuzzy_review": 32,
  "n_fuzzy_rejected": 538
}