{
  "rows": [
    {
      "stage": "retriever",
      "method": "retriever_phenodp_top50",
      "status": "completed",
      "n_cases": 6901,
      "id_correct_mrr": 0.5854688395223772,
      "id_correct_found": 0.8148094479061005,
      "id_correct_hit_1": 0.5123895087668454,
      "id_correct_hit_3": 0.6326619330531807,
      "id_correct_hit_5": 0.6719316041153456,
      "id_correct_hit_10": 0.7191711346181713,
      "id_and_name_correct_mrr": 0.5791591652917515,
      "id_and_name_correct_found": 0.7972757571366469,
      "id_and_name_correct_hit_1": 0.5077524996377336,
      "id_and_name_correct_hit_3": 0.6267207651065063,
      "id_and_name_correct_hit_5": 0.6639617446746848,
      "id_and_name_correct_hit_10": 0.7085929575423852,
      "id_or_name_correct_mrr": 0.661402613572288,
      "id_or_name_correct_found": 0.8971163599478337,
      "id_or_name_correct_hit_1": 0.5755687581509926,
      "id_or_name_correct_hit_3": 0.721054919576873,
      "id_or_name_correct_hit_5": 0.7677148239385596,
      "id_or_name_correct_hit_10": 0.8162585132589479
    },
    {
      "stage": "reranker",
      "method": "reranker_gemma3_top3",
      "status": "completed",
      "n_cases": 3107,
      "id_correct_mrr": 0.1283660551442978,
      "id_correct_found": 0.18410041841004185,
      "id_correct_hit_1": 0.09076279369166398,
      "id_correct_hit_3": 0.18410041841004185,
      "id_correct_hit_5": 0.18410041841004185,
      "id_correct_hit_10": 0.18410041841004185,
      "id_and_name_correct_mrr": 0.12691771269177127,
      "id_and_name_correct_found": 0.18249114901834568,
      "id_and_name_correct_hit_1": 0.08947537817830704,
      "id_and_name_correct_hit_3": 0.18249114901834568,
      "id_and_name_correct_hit_5": 0.18249114901834568,
      "id_and_name_correct_hit_10": 0.18249114901834568,
      "id_or_name_correct_mrr": 0.28301684368629976,
      "id_or_name_correct_found": 0.3804312841969746,
      "id_or_name_correct_hit_1": 0.21081429031219825,
      "id_or_name_correct_hit_3": 0.3804312841969746,
      "id_or_name_correct_hit_5": 0.3804312841969746,
      "id_or_name_correct_hit_10": 0.3804312841969746
    },
    {
      "stage": "reranker",
      "method": "reranker_gemma3_top5",
      "status": "completed",
      "n_cases": 6901,
      "id_correct_mrr": 0.5443510602328165,
      "id_correct_found": 0.6717866975800608,
      "id_correct_hit_1": 0.46283147369946387,
      "id_correct_hit_3": 0.6157078684248659,
      "id_correct_hit_5": 0.6717866975800608,
      "id_correct_hit_10": 0.6717866975800608,
      "id_and_name_correct_mrr": 0.5384316282664349,
      "id_and_name_correct_found": 0.6638168381394001,
      "id_and_name_correct_hit_1": 0.45790465149978266,
      "id_and_name_correct_hit_3": 0.6088972612664831,
      "id_and_name_correct_hit_5": 0.6638168381394001,
      "id_and_name_correct_hit_10": 0.6638168381394001,
      "id_or_name_correct_mrr": 0.6271554847123605,
      "id_or_name_correct_found": 0.7677148239385596,
      "id_or_name_correct_hit_1": 0.5342703955948414,
      "id_or_name_correct_hit_3": 0.7112012751775105,
      "id_or_name_correct_hit_5": 0.7677148239385596,
      "id_or_name_correct_hit_10": 0.7677148239385596
    },
    {
      "stage": "reranker",
      "method": "reranker_gemma3_top10",
      "status": "completed",
      "n_cases": 6901,
      "id_correct_mrr": 0.5366170189275536,
      "id_correct_found": 0.7190262280828865,
      "id_correct_hit_1": 0.44413853064773223,
      "id_correct_hit_3": 0.6042602521373714,
      "id_correct_hit_5": 0.6567164179104478,
      "id_correct_hit_10": 0.7190262280828865,
      "id_and_name_correct_mrr": 0.5289915425185676,
      "id_and_name_correct_found": 0.708158237936531,
      "id_and_name_correct_hit_1": 0.4377626430952036,
      "id_and_name_correct_hit_3": 0.5964352992319953,
      "id_and_name_correct_hit_5": 0.6472974931169396,
      "id_and_name_correct_hit_10": 0.708158237936531,
      "id_or_name_correct_mrr": 0.621762891506407,
      "id_or_name_correct_found": 0.8162585132589479,
      "id_or_name_correct_hit_1": 0.5200695551369366,
      "id_or_name_correct_hit_3": 0.6996087523547312,
      "id_or_name_correct_hit_5": 0.7536588900159397,
      "id_or_name_correct_hit_10": 0.8162585132589479
    }
  ]
}
