{
  "n_cases": 624,
  "n_errors": 0,
  "error_rate": 0.0,
  "mrr_id": 0.3746038683538684,
  "mrr_name": 0.3150049603174603,
  "mrr_id_or_name": 0.3746038683538684,
  "mrr_mondo": 0.0,
  "recall_at_1_id": 0.30128205128205127,
  "recall_at_3_id": 0.42628205128205127,
  "recall_at_5_id": 0.47596153846153844,
  "recall_at_10_id": 0.5080128205128205,
  "recall_at_1_name": 0.2516025641025641,
  "recall_at_3_name": 0.3573717948717949,
  "recall_at_5_name": 0.40224358974358976,
  "recall_at_10_name": 0.4310897435897436,
  "recall_at_1_id_or_name": 0.30128205128205127,
  "recall_at_3_id_or_name": 0.42628205128205127,
  "recall_at_5_id_or_name": 0.47596153846153844,
  "recall_at_10_id_or_name": 0.5080128205128205,
  "recall_at_1_mondo": 0.0,
  "recall_at_3_mondo": 0.0,
  "recall_at_5_mondo": 0.0,
  "recall_at_10_mondo": 0.0,
  "found_rate_id": 0.5096153846153846,
  "found_rate_name": 0.4310897435897436,
  "found_rate_id_or_name": 0.5096153846153846,
  "found_rate_mondo": 0.0,
  "mean_rank_id": 2.059748427672956,
  "mean_rank_name": 2.0855018587360594,
  "mean_rank_id_or_name": 2.059748427672956,
  "mean_rank_mondo": 0.0,
  "n_fuzzy_auto_correct": 1261,
  "n_fuzzy_review": 1718,
  "n_fuzzy_rejected": 3061
}